{"stat.walkOneCm":9306,"stat.drop.minecraft.porkchop":1,"stat.leaveGame":1,"stat.mineBlock.minecraft.double_plant":1,"stat.drop.prefab.item_start_house":1,"stat.mobKills":3,"stat.flyOneCm":51724,"stat.useItem.minecraft.mutton":1,"stat.drop":4,"stat.pickup.minecraft.wheat_seeds":2,"stat.jump":212,"stat.swimOneCm":913,"stat.playOneMinute":6481,"stat.fallOneCm":4656,"stat.drop.minecraft.wheat_seeds":2,"stat.killEntity.Sheep":1,"stat.sneakTime":95,"stat.damageDealt":357,"stat.pickup.minecraft.porkchop":1,"stat.crouchOneCm":357,"stat.timeSinceDeath":6481,"stat.sprintOneCm":32463,"stat.killEntity.Pig":2,"stat.mineBlock.minecraft.tallgrass":16,"stat.diveOneCm":7782}