{"stat.useItem.minecraft.bow":2,"stat.pickup.minecraft.wooden_slab":24,"stat.leaveGame":4,"stat.craftItem.minecraft.iron_axe":2,"stat.craftItem.minecraft.shield":1,"stat.pickup.minecraft.porkchop":4,"stat.mineBlock.astralsorcery.blockcustomflower":1,"stat.useItem.minecraft.water_bucket":7,"stat.pickup.minecraft.rotten_flesh":7,"stat.pickup.minecraft.sand":22,"stat.pickup.minecraft.bucket":1,"stat.killEntity.Enderman":2,"stat.mineBlock.minecraft.wooden_slab":8,"stat.mineBlock.minecraft.sand":23,"stat.useItem.minecraft.fence_gate":3,"stat.useItem.minecraft.iron_pickaxe":1558,"stat.pickup.minecraft.stained_hardened_clay":4,"stat.pickup.astralsorcery.itemjournal":1,"stat.pickup.minecraft.double_plant":1,"stat.furnaceInteraction":58,"stat.killEntity.ZombieVillager":1,"stat.pickup.minecraft.beef":72,"stat.pickup.minecraft.furnace":6,"stat.drop.minecraft.stained_hardened_clay":3,"stat.craftItem.travelersbackpack.travelers_backpack":1,"stat.mineBlock.minecraft.stained_hardened_clay":1,"stat.pickup.tombstone.magic_scroll":1,"stat.useItem.minecraft.wheat_seeds":6,"stat.craftItem.minecraft.fence_gate":4,"stat.mineBlock.minecraft.sea_lantern":1,"stat.mineBlock.astralsorcery.blockmarble":39,"stat.pickup.minecraft.emerald":1,"stat.craftItem.securitycraft.laser_block":1,"stat.useItem.minecraft.dye":25,"stat.deaths":1,"stat.pickup.minecraft.egg":1,"stat.playOneMinute":229128,"stat.craftItem.minecraft.iron_pickaxe":4,"stat.pickup.minecraft.iron_bars":5,"stat.killEntity.beetle":1,"stat.mineBlock.minecraft.tallgrass":72,"stat.chestOpened":40,"stat.useItem.minecraft.stone":12,"stat.mineBlock.minecraft.ice":7,"stat.craftItem.minecraft.iron_nugget":9,"stat.fallOneCm":63640,"stat.killEntity.mawrachnid":1,"stat.pickup.minecraft.carrot":32,"stat.crouchOneCm":876,"stat.mineBlock.minecraft.chest":3,"stat.craftItem.minecraft.iron_ingot":99,"stat.craftItem.minecraft.chest":1,"stat.craftingTableInteraction":23,"stat.drop.prefab.item_start_house":3,"stat.pickup.minecraft.dye":95,"stat.pickup.minecraft.planks":2,"stat.pickup.minecraft.wheat_seeds":74,"stat.mineBlock.minecraft.gravel":5,"stat.pickup.prefab.item_start_house":2,"stat.useItem.minecraft.stone_pickaxe":92,"stat.craftItem.minecraft.iron_leggings":1,"stat.mineBlock.minecraft.dirt":34,"stat.useItem.minecraft.iron_bars":1,"stat.useItem.minecraft.torch":7,"stat.useItem.minecraft.bread":5,"stat.pickup.minecraft.golden_apple":1,"stat.pickup.mowziesmobs.ice_crystal":1,"stat.craftItem.minecraft.redstone_block":1,"stat.pickup.minecraft.crafting_table":3,"stat.useItem.minecraft.cobblestone":109,"stat.craftItem.minecraft.crafting_table":1,"stat.pickup.prefab.item_moderate_house":1,"stat.mineBlock.minecraft.emerald_ore":1,"stat.pickup.minecraft.redstone_block":3,"stat.pickup.minecraft.log":91,"stat.mineBlock.mmadd.grossgunk":3,"stat.craftItem.minecraft.gold_ingot":10,"stat.drop.minecraft.sapling":1,"stat.pickup.minecraft.sapling":2,"stat.pickup.minecraft.apple":3,"stat.craftItem.minecraft.bucket":1,"stat.craftItem.minecraft.planks":108,"stat.pickup.jjskill.hero_sword":1,"stat.pickup.mmadd.grossgunk":4,"stat.useItem.securitycraft.universal_block_remover":4,"stat.mineBlock.minecraft.log":92,"stat.pickup.minecraft.red_flower":8,"stat.sneakTime":452,"stat.pickup.minecraft.wool":7,"stat.useItem.minecraft.baked_potato":17,"stat.useItem.jjskill.hero_sword":50,"stat.pickup.minecraft.chest":2,"stat.useItem.minecraft.iron_axe":303,"stat.mineBlock.minecraft.cobblestone":7,"stat.craftItem.minecraft.wool":2,"stat.swimOneCm":23062,"stat.climbOneCm":32342,"stat.useItem.minecraft.dirt":18,"stat.useItem.minecraft.stone_slab2":34,"stat.craftItem.minecraft.furnace":2,"stat.useItem.minecraft.egg":1,"stat.craftItem.minecraft.iron_boots":1,"stat.craftItem.minecraft.stone_pickaxe":1,"stat.craftItem.minecraft.cooked_beef":15,"stat.pickup.minecraft.cobblestone":923,"stat.mineBlock.minecraft.carpet":1,"stat.mineBlock.minecraft.redstone_block":5,"stat.flyOneCm":585897,"stat.drop.minecraft.wheat_seeds":6,"stat.pickup.mowziesmobs.glowing_jelly":1,"stat.useItem.minecraft.cooked_beef":5,"stat.pickup.minecraft.redstone":303,"stat.mineBlock.minecraft.iron_ore":118,"stat.timeSinceDeath":27519,"stat.useItem.minecraft.wooden_slab":34,"stat.useItem.minecraft.potato":49,"stat.useItem.minecraft.cooked_porkchop":4,"stat.pickup.minecraft.carpet":1,"stat.mineBlock.minecraft.coal_ore":248,"stat.killEntity.Creeper":1,"stat.pickup.minecraft.string":2,"stat.pickup.tombstone.crafting_ingredient":4,"stat.craftItem.minecraft.stone_slab2":0,"stat.sprintOneCm":402745,"stat.useItem.mmadd.frostfruit":3,"stat.craftItem.minecraft.stick":20,"stat.craftItem.minecraft.stone":4,"stat.mineBlock.minecraft.diamond_ore":6,"stat.mineBlock.minecraft.crafting_table":3,"stat.useItem.minecraft.carrot":18,"stat.drop":14,"stat.killEntity.Zombie":19,"stat.craftItem.minecraft.dye":29,"stat.drop.minecraft.bread":1,"stat.craftItem.securitycraft.universal_block_remover":1,"stat.mineBlock.minecraft.gold_ore":31,"stat.diveOneCm":20146,"stat.pickup.minecraft.wheat":31,"stat.useItem.mmadd.grossgunk":1,"stat.pickup.minecraft.gravel":3,"stat.craftItem.minecraft.cooked_porkchop":4,"stat.pickup.minecraft.stone_axe":1,"stat.useItem.minecraft.rotten_flesh":9,"stat.craftItem.travelersbackpack.backpack_tank":2,"stat.jump":2878,"stat.pickup.minecraft.coal":380,"stat.pickup.minecraft.iron_ingot":8,"stat.useItem.minecraft.stone_axe":12,"stat.craftItem.minecraft.bread":1,"stat.craftItem.minecraft.torch":4,"stat.craftItem.minecraft.iron_helmet":1,"stat.pickup.minecraft.dirt":45,"stat.pickup.minecraft.iron_ore":140,"stat.pickup.minecraft.gold_ore":31,"stat.mineBlock.minecraft.iron_bars":4,"stat.mineBlock.minecraft.lapis_ore":15,"stat.mineBlock.mmadd.beetlenest":6,"stat.damageTaken":2254,"stat.pickup.minecraft.leather":41,"stat.mineBlock.minecraft.furnace":5,"stat.mineBlock.minecraft.torch":4,"stat.mineBlock.minecraft.red_flower":3,"stat.pickup.minecraft.prismarine_crystals":2,"stat.pickup.minecraft.reeds":1,"tombstone:undead_killed":26,"stat.pickup.minecraft.potato":73,"stat.damageDealt":14370,"stat.craftItem.minecraft.glass":22,"stat.sleepInBed":3,"stat.craftItem.minecraft.baked_potato":16,"stat.killEntity.Cow":36,"stat.killEntity.Pig":3,"stat.craftItem.securitycraft.universal_block_reinforcer_lvl1":1,"stat.walkOneCm":394966,"stat.useItem.tombstone.gift":1,"stat.pickup.minecraft.stone":166,"stat.craftItem.minecraft.iron_chestplate":1,"stat.pickup.minecraft.baked_potato":1,"stat.pickup.minecraft.ender_pearl":1,"stat.pickup.minecraft.gold_ingot":2,"stat.killEntity.Skeleton":6,"stat.craftItem.travelersbackpack.sleeping_bag_bottom":1,"stat.killEntity.Spider":5,"stat.pickup.minecraft.bread":1,"stat.pickup.astralsorcery.itemcraftingcomponent":2,"stat.pickup.mmadd.gunkystring":1,"stat.mobKills":82,"stat.craftItem.minecraft.shears":2,"stat.useItem.minecraft.golden_apple":1,"stat.pickup.minecraft.diamond":7,"stat.mineBlock.minecraft.leaves":32,"stat.pickup.minecraft.torch":24,"stat.mineBlock.minecraft.redstone_ore":71,"stat.pickup.mmadd.beetlenest":4,"stat.pickup.astralsorcery.blockmarble":36,"stat.mineBlock.astralsorcery.blockcustomsandore":1,"stat.mineBlock.minecraft.stone":1041}