{"stat.pickup.minecraft.bone":5,"stat.useItem.minecraft.iron_axe":125,"stat.leaveGame":22,"stat.pickup.minecraft.flint":1,"stat.craftItem.minecraft.iron_axe":1,"stat.craftItem.minecraft.wool":4,"stat.swimOneCm":20847,"stat.pickup.minecraft.glass":3,"stat.useItem.minecraft.dirt":61,"stat.useItem.minecraft.stone_slab2":41,"stat.pickup.minecraft.bow":1,"stat.useItem.minecraft.water_bucket":5,"stat.useItem.jjskill.giantses_sword":17,"stat.pickup.minecraft.sand":13,"stat.craftItem.minecraft.furnace":3,"stat.craftItem.minecraft.stone_axe":1,"stat.craftItem.minecraft.iron_boots":2,"stat.craftItem.minecraft.stone_pickaxe":1,"stat.craftItem.minecraft.cooked_beef":20,"stat.pickup.minecraft.cobblestone":456,"stat.flyOneCm":486841,"stat.pickup.minecraft.brown_mushroom":1,"stat.mineBlock.minecraft.sand":13,"stat.drop.minecraft.wheat_seeds":3,"stat.useItem.minecraft.cooked_beef":18,"stat.pickup.minecraft.redstone":5,"stat.mineBlock.minecraft.iron_ore":157,"stat.timeSinceDeath":122704,"stat.useItem.minecraft.iron_pickaxe":761,"stat.useItem.minecraft.sign":1,"stat.craftItem.minecraft.wooden_pickaxe":1,"stat.craftItem.minecraft.bed":1,"stat.furnaceInteraction":46,"stat.drop.minecraft.dirt":3,"stat.mineBlock.minecraft.coal_ore":93,"stat.killEntity.Creeper":5,"stat.talkedToVillager":7,"stat.useItem.minecraft.cooked_mutton":9,"stat.pickup.minecraft.furnace":8,"stat.pickup.tombstone.crafting_ingredient":2,"stat.entityKilledBy.Skeleton":1,"stat.craftItem.minecraft.stone_slab2":0,"stat.craftItem.travelersbackpack.travelers_backpack":1,"stat.sprintOneCm":419278,"stat.craftItem.minecraft.stick":40,"stat.pickup.tombstone.magic_scroll":1,"stat.mineBlock.minecraft.diamond_ore":1,"stat.useItem.minecraft.wheat_seeds":12,"stat.mineBlock.minecraft.crafting_table":6,"stat.pickup.minecraft.emerald":4,"stat.entityKilledBy.Creeper":1,"stat.deaths":2,"stat.drop":8,"stat.pickup.minecraft.egg":1,"stat.playOneMinute":155189,"stat.killEntity.Sheep":12,"stat.craftItem.minecraft.iron_pickaxe":2,"stat.killEntity.Zombie":17,"stat.craftItem.minecraft.dye":4,"stat.mineBlock.minecraft.gold_ore":40,"stat.mineBlock.minecraft.tallgrass":5,"stat.craftItem.minecraft.cooked_mutton":26,"stat.diveOneCm":7249,"stat.pickup.minecraft.wheat":15,"stat.chestOpened":7,"stat.craftItem.minecraft.sign":3,"stat.useItem.minecraft.stone":11,"stat.craftItem.minecraft.carpet":3,"stat.pickup.minecraft.gravel":10,"stat.pickup.minecraft.arrow":7,"stat.useItem.minecraft.apple":1,"stat.useItem.minecraft.carpet":2,"stat.useItem.minecraft.rotten_flesh":1,"stat.craftItem.travelersbackpack.backpack_tank":2,"stat.jump":2824,"stat.pickup.minecraft.coal":245,"stat.fallOneCm":56093,"stat.pickup.minecraft.iron_ingot":37,"stat.killEntity.robot":5,"stat.pickup.minecraft.carrot":16,"stat.useItem.minecraft.stone_axe":77,"stat.pickup.minecraft.gunpowder":5,"stat.crouchOneCm":36861,"stat.pickup.minecraft.spider_eye":1,"stat.craftItem.minecraft.torch":28,"stat.craftItem.minecraft.iron_ingot":50,"stat.craftItem.minecraft.chest":3,"stat.pickup.minecraft.dirt":104,"stat.craftItem.minecraft.iron_helmet":1,"stat.drop.minecraft.glass":1,"stat.craftingTableInteraction":27,"stat.pickup.minecraft.iron_ore":157,"stat.pickup.minecraft.gold_ore":40,"stat.mineBlock.minecraft.lapis_ore":15,"stat.damageTaken":2676,"stat.mineBlock.minecraft.torch":12,"stat.mineBlock.minecraft.furnace":8,"stat.mineBlock.minecraft.red_flower":5,"stat.useItem.minecraft.wooden_pickaxe":21,"stat.useItem.minecraft.furnace":4,"stat.useItem.minecraft.reeds":3,"stat.pickup.minecraft.dye":90,"stat.pickup.minecraft.planks":36,"stat.pickup.minecraft.reeds":4,"stat.pickup.jjskill.giantses_sword":1,"stat.pickup.minecraft.bed":2,"tombstone:undead_killed":26,"stat.pickup.minecraft.wheat_seeds":21,"stat.pickup.minecraft.potato":7,"stat.mineBlock.minecraft.gravel":11,"stat.useItem.minecraft.stone_pickaxe":77,"stat.craftItem.minecraft.iron_leggings":1,"stat.damageDealt":11922,"stat.craftItem.minecraft.glass":13,"stat.useItem.minecraft.wool":2,"stat.sleepInBed":3,"stat.killEntity.Silverfish":1,"stat.killEntity.Cow":11,"stat.mineBlock.minecraft.dirt":26,"stat.mineBlock.minecraft.monster_egg":1,"stat.walkOneCm":322519,"stat.useItem.minecraft.torch":36,"stat.useItem.minecraft.bread":9,"stat.useItem.minecraft.chest":1,"stat.pickup.minecraft.crafting_table":7,"stat.craftItem.minecraft.crafting_table":3,"stat.mineBlock.minecraft.emerald_ore":4,"stat.pickup.minecraft.log":32,"stat.drop.minecraft.sign":2,"stat.useItem.tombstone.gift":1,"stat.craftItem.minecraft.gold_ingot":1,"stat.pickup.minecraft.stone":60,"stat.craftItem.minecraft.iron_chestplate":1,"stat.mineBlock.minecraft.wool":2,"stat.pickup.minecraft.sapling":6,"stat.pickup.minecraft.apple":1,"stat.killEntity.Skeleton":9,"stat.craftItem.travelersbackpack.sleeping_bag_bottom":1,"stat.craftItem.minecraft.planks":88,"stat.killEntity.Spider":1,"stat.mobKills":72,"stat.mineBlock.minecraft.log":30,"stat.pickup.minecraft.diamond":1,"stat.mineBlock.minecraft.leaves":11,"stat.pickup.minecraft.torch":11,"stat.pickup.minecraft.red_flower":4,"stat.mineBlock.minecraft.redstone_ore":1,"stat.sneakTime":19681,"stat.pickup.minecraft.wool":2,"stat.drop.minecraft.arrow":1,"stat.mineBlock.minecraft.stone":499}