{"stat.useItem.minecraft.bow":26,"stat.leaveGame":7,"stat.craftItem.minecraft.iron_axe":4,"stat.pickup.tombstone.familiar_stone":1,"stat.useItem.minecraft.mutton":11,"stat.useItem.minecraft.planks":51,"stat.craftItem.minecraft.shield":5,"stat.pickup.minecraft.porkchop":3,"stat.pickup.minecraft.glass":19,"stat.useItem.minecraft.water_bucket":11,"stat.drop.minecraft.iron_sword":1,"stat.pickup.minecraft.rotten_flesh":5,"stat.pickup.minecraft.sand":87,"stat.craftItem.minecraft.stone_axe":3,"stat.drop.minecraft.leather_boots":1,"stat.pickup.minecraft.bucket":1,"stat.pickup.minecraft.leather_boots":1,"stat.craftItem.minecraft.iron_shovel":2,"stat.mineBlock.minecraft.sand":103,"stat.killEntity.Witch":1,"stat.useItem.minecraft.iron_pickaxe":2835,"stat.craftItem.minecraft.wooden_pickaxe":2,"stat.useItem.minecraft.iron_shovel":250,"stat.craftItem.minecraft.bed":5,"stat.pickup.minecraft.wooden_shovel":1,"stat.furnaceInteraction":91,"stat.killEntity.ZombieVillager":3,"stat.craftItem.minecraft.leather_helmet":1,"stat.pickup.minecraft.beef":81,"stat.pickup.minecraft.furnace":11,"stat.useItem.minecraft.cooked_mutton":14,"stat.craftItem.travelersbackpack.travelers_backpack":1,"stat.pickup.minecraft.leather_helmet":1,"stat.pickup.minecraft.iron_chestplate":1,"stat.pickup.tombstone.gift":1,"stat.pickup.minecraft.stone_stairs":1,"stat.mineBlock.minecraft.sea_lantern":1,"stat.mineBlock.astralsorcery.blockmarble":49,"stat.pickup.minecraft.emerald":2,"stat.useItem.minecraft.dye":17,"stat.pickup.minecraft.lever":2,"stat.deaths":8,"stat.pickup.minecraft.egg":11,"stat.playOneMinute":413692,"stat.craftItem.minecraft.wooden_shovel":1,"stat.craftItem.minecraft.iron_pickaxe":12,"stat.pickup.minecraft.iron_bars":4,"stat.mineBlock.minecraft.tallgrass":33,"stat.craftItem.minecraft.cooked_mutton":14,"stat.chestOpened":12,"stat.pickup.minecraft.pumpkin":7,"stat.useItem.minecraft.stone":13,"stat.pickup.minecraft.iron_sword":2,"stat.pickup.minecraft.arrow":10,"stat.mineBlock.minecraft.ice":2,"stat.craftItem.minecraft.iron_nugget":9,"stat.fallOneCm":197756,"stat.crouchOneCm":28625,"stat.mineBlock.minecraft.chest":2,"stat.craftItem.minecraft.iron_ingot":219,"stat.craftItem.minecraft.chest":3,"stat.mineBlock.minecraft.lever":1,"stat.craftingTableInteraction":70,"stat.pickup.minecraft.wooden_pickaxe":3,"stat.mineBlock.minecraft.log2":1,"stat.pickup.minecraft.feather":5,"stat.useItem.minecraft.furnace":4,"stat.craftItem.minecraft.wooden_sword":1,"stat.pickup.minecraft.dye":78,"stat.pickup.minecraft.planks":6,"stat.killEntity.Llama":1,"stat.pickup.minecraft.iron_leggings":1,"stat.craftItem.minecraft.diamond_shovel":1,"stat.pickup.minecraft.wheat_seeds":7,"stat.mineBlock.minecraft.gravel":131,"stat.useItem.minecraft.stone_pickaxe":60,"stat.craftItem.minecraft.iron_leggings":2,"stat.mineBlock.minecraft.dirt":91,"stat.drop.minecraft.iron_axe":2,"stat.mineBlock.minecraft.monster_egg":7,"stat.useItem.minecraft.torch":637,"stat.craftItem.minecraft.redstone_block":23,"stat.pickup.minecraft.crafting_table":23,"stat.useItem.minecraft.cobblestone":368,"stat.craftItem.minecraft.crafting_table":8,"stat.craftItem.minecraft.leather_boots":1,"stat.mineBlock.minecraft.double_plant":3,"stat.mineBlock.minecraft.emerald_ore":2,"stat.pickup.minecraft.redstone_block":4,"stat.pickup.minecraft.log":236,"stat.drop.minecraft.sign":1,"stat.craftItem.minecraft.gold_ingot":41,"stat.craftItem.usefulbackpacks.backpack":3,"stat.pickup.minecraft.chicken":4,"stat.pickup.minecraft.tipped_arrow":2,"stat.pickup.minecraft.sapling":7,"stat.craftItem.minecraft.bucket":8,"stat.craftItem.minecraft.planks":300,"stat.useItem.minecraft.iron_sword":40,"stat.killEntity.PolarBear":1,"stat.mineBlock.minecraft.log":241,"stat.craftItem.minecraft.cooked_chicken":15,"stat.pickup.minecraft.red_flower":13,"stat.sneakTime":12226,"stat.pickup.minecraft.wool":12,"stat.pickup.minecraft.chest":2,"stat.pickup.minecraft.bone":7,"stat.useItem.minecraft.iron_axe":636,"stat.mineBlock.minecraft.cobblestone":41,"stat.mineBlock.minecraft.pumpkin":7,"stat.pickup.minecraft.flint":12,"stat.mineBlock.minecraft.yellow_flower":1,"stat.drop.minecraft.leather_helmet":1,"stat.pickup.minecraft.leather_chestplate":1,"stat.craftItem.minecraft.wool":2,"stat.craftItem.minecraft.diamond_helmet":1,"stat.swimOneCm":58436,"stat.craftItem.minecraft.arrow":32,"stat.useItem.minecraft.dirt":14,"stat.useItem.minecraft.stone_slab2":94,"stat.pickup.minecraft.iron_boots":2,"stat.craftItem.minecraft.furnace":6,"stat.craftItem.minecraft.lapis_block":8,"stat.craftItem.minecraft.iron_boots":2,"stat.craftItem.minecraft.spruce_boat":1,"stat.craftItem.minecraft.stone_pickaxe":1,"stat.craftItem.minecraft.cooked_beef":118,"stat.pickup.minecraft.cobblestone":2582,"stat.mineBlock.minecraft.redstone_block":2,"stat.flyOneCm":1042590,"stat.pickup.minecraft.fish":1,"stat.useItem.minecraft.cooked_beef":51,"stat.pickup.minecraft.redstone":211,"stat.mineBlock.minecraft.iron_ore":236,"stat.timeSinceDeath":3740,"stat.pickup.minecraft.mutton":11,"stat.pickup.travelersbackpack.travelers_backpack":1,"stat.useItem.minecraft.cooked_porkchop":8,"stat.pickup.minecraft.iron_shovel":1,"stat.mineBlock.minecraft.coal_ore":267,"stat.drop.minecraft.wool":1,"stat.killEntity.Creeper":2,"stat.pickup.minecraft.wooden_sword":1,"stat.drop.minecraft.log2":1,"stat.useItem.astralsorcery.blockmarble":2,"stat.pickup.tombstone.crafting_ingredient":1,"stat.killEntity.Squid":1,"stat.sprintOneCm":540205,"stat.craftItem.minecraft.stick":246,"stat.mineBlock.minecraft.diamond_ore":12,"stat.mineBlock.minecraft.crafting_table":22,"stat.useItem.minecraft.diamond_pickaxe":1361,"stat.useItem.minecraft.wooden_shovel":7,"stat.mineBlock.minecraft.planks":1,"stat.drop":19,"stat.craftItem.minecraft.leather_chestplate":1,"stat.useItem.minecraft.wooden_sword":42,"stat.killEntity.Sheep":34,"stat.craftItem.minecraft.diamond_pickaxe":1,"stat.killEntity.Zombie":32,"stat.craftItem.minecraft.dye":31,"stat.pickup.minecraft.snowball":1,"stat.craftItem.minecraft.diamond_axe":1,"stat.mineBlock.minecraft.gold_ore":43,"stat.diveOneCm":70921,"stat.drop.minecraft.diamond_pickaxe":1,"stat.pickup.minecraft.sign":2,"stat.pickup.minecraft.gravel":90,"stat.craftItem.minecraft.cooked_porkchop":10,"stat.drop.minecraft.cooked_beef":9,"stat.pickup.minecraft.stone_axe":1,"stat.craftItem.minecraft.diamond_sword":1,"stat.craftItem.travelersbackpack.backpack_tank":2,"stat.jump":7086,"stat.pickup.minecraft.coal":297,"stat.pickup.minecraft.iron_helmet":2,"stat.pickup.minecraft.iron_ingot":1,"stat.useItem.minecraft.stone_axe":162,"stat.pickup.minecraft.gunpowder":2,"stat.pickup.minecraft.spider_eye":1,"stat.craftItem.minecraft.torch":602,"stat.pickup.minecraft.dirt":103,"stat.craftItem.minecraft.iron_helmet":1,"stat.useItem.minecraft.cooked_chicken":15,"stat.pickup.minecraft.iron_ore":224,"stat.boatOneCm":12968,"stat.pickup.minecraft.gold_ore":41,"stat.mineBlock.minecraft.iron_bars":4,"stat.mineBlock.minecraft.lapis_ore":18,"stat.pickup.minecraft.iron_axe":2,"stat.mineBlock.minecraft.stone_stairs":1,"stat.damageTaken":7812,"stat.pickup.minecraft.leather":34,"stat.mineBlock.minecraft.furnace":12,"stat.mineBlock.minecraft.torch":59,"stat.mineBlock.minecraft.red_flower":13,"stat.useItem.minecraft.wooden_pickaxe":43,"stat.mineBlock.minecraft.sapling":1,"stat.pickup.minecraft.log2":1,"stat.pickup.minecraft.prismarine_crystals":2,"stat.pickup.minecraft.bed":3,"tombstone:undead_killed":47,"stat.entityKilledBy.Zombie":2,"stat.damageDealt":26979,"stat.craftItem.minecraft.glass":86,"stat.sleepInBed":7,"stat.killEntity.Silverfish":9,"stat.killEntity.Cow":90,"stat.killEntity.Pig":3,"stat.craftItem.minecraft.iron_sword":1,"stat.walkOneCm":735058,"stat.useItem.minecraft.chest":1,"stat.pickup.minecraft.stick":1,"stat.pickup.minecraft.diamond_pickaxe":1,"stat.useItem.minecraft.lava_bucket":2,"stat.useItem.minecraft.spruce_boat":2,"stat.useItem.tombstone.gift":2,"stat.pickup.minecraft.stone":356,"stat.craftItem.minecraft.iron_chestplate":2,"stat.pickup.minecraft.cooked_beef":16,"stat.killEntity.Stray":2,"stat.killEntity.Skeleton":10,"stat.craftItem.travelersbackpack.sleeping_bag_bottom":1,"stat.drop.minecraft.lever":1,"stat.killEntity.Chicken":22,"stat.killEntity.Spider":8,"stat.pickup.astralsorcery.itemcraftingcomponent":1,"stat.mobKills":224,"stat.pickup.minecraft.diamond":12,"stat.mineBlock.minecraft.leaves":25,"stat.pickup.minecraft.torch":76,"stat.mineBlock.minecraft.redstone_ore":53,"stat.pickup.minecraft.lava_bucket":1,"stat.pickup.astralsorcery.blockmarble":46,"stat.mineBlock.astralsorcery.blockcustomsandore":1,"stat.pickup.minecraft.spruce_boat":2,"stat.pickup.mowziesmobs.naga_fang":2,"stat.mineBlock.minecraft.stone":3451,"stat.killEntity.skycow":2}