{"stat.craftItem.minecraft.diamond_chestplate":1,"stat.craftItem.minecraft.diamond_leggings":1,"stat.leaveGame":9,"stat.mineBlock.minecraft.cobblestone":10,"stat.pickup.minecraft.flint":43,"stat.killEntity.Blaze":29,"stat.useItem.minecraft.diamond_sword":130,"stat.craftItem.minecraft.diamond_helmet":1,"stat.swimOneCm":4408,"stat.climbOneCm":22717,"stat.craftItem.minecraft.shield":1,"stat.useItem.minecraft.dirt":36,"stat.useItem.minecraft.stone_slab2":27,"stat.useItem.minecraft.water_bucket":12,"stat.craftItem.minecraft.furnace":2,"stat.entityKilledBy.Spider":1,"stat.craftItem.minecraft.stone_axe":1,"stat.useItem.minecraft.iron_ore":1,"stat.craftItem.minecraft.stone_pickaxe":4,"stat.mineBlock.minecraft.magma":272,"stat.pickup.minecraft.cobblestone":7438,"stat.useItem.minecraft.stone_shovel":290,"stat.flyOneCm":1029888,"stat.pickup.minecraft.soul_sand":8,"stat.drop.minecraft.wheat_seeds":1,"stat.pickup.minecraft.redstone":395,"stat.mineBlock.minecraft.iron_ore":88,"stat.timeSinceDeath":7862,"stat.useItem.minecraft.iron_pickaxe":368,"stat.furnaceInteraction":26,"stat.useItem.minecraft.cooked_porkchop":22,"stat.mineBlock.minecraft.coal_ore":249,"stat.killEntity.Creeper":2,"stat.pickup.minecraft.furnace":1,"stat.entityKilledBy.Skeleton":1,"stat.craftItem.minecraft.stone_slab2":0,"stat.sprintOneCm":331342,"stat.craftItem.prefab.item_bulldozer":1,"stat.craftItem.minecraft.stick":60,"stat.craftItem.minecraft.wooden_axe":1,"stat.mineBlock.minecraft.diamond_ore":51,"stat.useItem.minecraft.flint_and_steel":1,"stat.mineBlock.minecraft.crafting_table":1,"stat.useItem.minecraft.diamond_pickaxe":1207,"stat.pickup.prefab.item_bulldozer":2,"stat.mineBlock.minecraft.soul_sand":8,"stat.deaths":5,"stat.drop":2,"stat.playOneMinute":267991,"stat.killEntity.Sheep":1,"stat.craftItem.minecraft.iron_pickaxe":2,"stat.craftItem.minecraft.diamond_pickaxe":6,"stat.killEntity.Zombie":5,"stat.mineBlock.minecraft.gold_ore":18,"stat.mineBlock.minecraft.tallgrass":49,"stat.pickup.minecraft.netherrack":96,"stat.diveOneCm":3005,"stat.chestOpened":53,"stat.useItem.minecraft.stone":4,"stat.mineBlock.minecraft.netherrack":99,"stat.pickup.minecraft.gravel":175,"stat.craftItem.minecraft.cooked_porkchop":22,"stat.killEntity.Ghast":3,"stat.craftItem.minecraft.coal":13,"stat.craftItem.minecraft.diamond_sword":1,"stat.jump":1814,"stat.pickup.minecraft.coal":328,"stat.fallOneCm":38440,"stat.useItem.minecraft.stone_axe":37,"stat.crouchOneCm":2955,"stat.craftItem.minecraft.torch":60,"stat.craftItem.minecraft.iron_ingot":51,"stat.craftItem.minecraft.chest":8,"stat.pickup.minecraft.dirt":528,"stat.craftingTableInteraction":24,"stat.pickup.minecraft.iron_ore":153,"stat.pickup.minecraft.gold_ore":25,"stat.craftItem.minecraft.flint_and_steel":1,"stat.damageTaken":3616,"stat.mineBlock.minecraft.red_flower":1,"stat.mineBlock.minecraft.furnace":1,"stat.mineBlock.minecraft.torch":2,"stat.pickup.minecraft.dye":110,"tombstone:undead_killed":13,"stat.craftItem.minecraft.diamond_shovel":3,"stat.pickup.minecraft.wheat_seeds":16,"stat.mineBlock.minecraft.gravel":2,"stat.useItem.minecraft.stone_pickaxe":652,"stat.damageDealt":10837,"stat.sleepInBed":3,"stat.mineBlock.minecraft.dirt":272,"stat.killEntity.Pig":10,"stat.craftItem.minecraft.stone_shovel":1,"stat.walkOneCm":622274,"stat.useItem.minecraft.torch":44,"stat.useItem.minecraft.chest":5,"stat.pickup.minecraft.iron_nugget":6,"stat.pickup.minecraft.crafting_table":2,"stat.useItem.minecraft.cobblestone":97,"stat.pickup.minecraft.magma":271,"stat.craftItem.minecraft.crafting_table":3,"stat.useItem.minecraft.gravel":5,"stat.mineBlock.minecraft.double_plant":2,"stat.useItem.minecraft.lava_bucket":11,"stat.pickup.minecraft.log":46,"stat.craftItem.minecraft.diamond_boots":1,"stat.useItem.tombstone.gift":1,"stat.craftItem.minecraft.gold_ingot":15,"stat.pickup.minecraft.stone":1520,"stat.pickup.minecraft.sapling":1,"stat.killEntity.Skeleton":4,"stat.craftItem.minecraft.bucket":3,"stat.craftItem.minecraft.planks":132,"stat.drop.prefab.item_bulldozer":1,"stat.killEntity.Spider":3,"stat.killEntity.WitherSkeleton":4,"stat.mineBlock.minecraft.quartz_ore":35,"stat.mobKills":62,"stat.mineBlock.minecraft.log":45,"stat.pickup.minecraft.quartz":35,"stat.pickup.minecraft.diamond":70,"stat.mineBlock.minecraft.leaves":12,"stat.pickup.minecraft.torch":3,"stat.mineBlock.minecraft.redstone_ore":72,"stat.sneakTime":1931,"stat.useItem.minecraft.wooden_axe":59,"stat.mineBlock.minecraft.stone":1329}