{"stat.pickup.minecraft.rotten_flesh":1,"stat.walkOneCm":13496,"stat.damageTaken":430,"stat.pickup.biomesoplenty.berries":2,"stat.useItem.minecraft.apple":1,"stat.mobKills":2,"stat.mineBlock.minecraft.log":11,"stat.mineBlock.biomesoplenty.plant_0":1,"stat.pickup.minecraft.log":11,"stat.flyOneCm":17602,"stat.deaths":2,"stat.pickup.minecraft.wheat_seeds":1,"stat.jump":121,"stat.mineBlock.minecraft.leaves":13,"stat.swimOneCm":759,"stat.playOneMinute":7982,"stat.fallOneCm":2957,"stat.entityKilledBy.Zombie":1,"stat.sneakTime":437,"stat.damageDealt":292,"stat.crouchOneCm":315,"stat.killEntity.Zombie":2,"stat.timeSinceDeath":505,"stat.pickup.minecraft.sapling":2,"stat.pickup.minecraft.dirt":21,"stat.useItem.minecraft.dirt":1,"stat.useItem.biomesoplenty.berries":2,"stat.mineBlock.minecraft.dirt":14,"stat.sprintOneCm":15083,"stat.useItem.minecraft.stone_slab2":2,"stat.pickup.minecraft.apple":1,"stat.mineBlock.minecraft.tallgrass":4,"stat.diveOneCm":1834}