{"stat.leaveGame":9,"stat.craftItem.prefab.block_double_compressed_stone":13,"stat.craftItem.minecraft.iron_axe":1,"stat.craftItem.minecraft.shield":1,"stat.useItem.minecraft.planks":22,"stat.mineBlock.minecraft.web":3,"stat.pickup.minecraft.glowstone_dust":3,"stat.mineBlock.astralsorcery.blockcustomflower":1,"stat.pickup.minecraft.rotten_flesh":18,"stat.pickup.minecraft.sand":83,"stat.craftItem.minecraft.stone_axe":1,"stat.killEntity.Enderman":3,"stat.mineBlock.minecraft.sand":51,"stat.pickup.securitycraft.reinforced_cobblestone":184,"stat.useItem.securitycraft.reinforced_cobblestone":37,"stat.useItem.minecraft.iron_pickaxe":250,"stat.drop.minecraft.diamond":2,"stat.pickup.minecraft.stained_hardened_clay":8,"stat.craftItem.minecraft.wooden_pickaxe":1,"stat.craftItem.minecraft.iron_door":3,"stat.craftItem.minecraft.bed":4,"stat.craftItem.minecraft.glass_pane":16,"stat.mineBlock.minecraft.vine":9,"stat.furnaceInteraction":231,"stat.mineBlock.minecraft.rail":49,"stat.killEntity.ZombieVillager":2,"stat.drop.minecraft.wooden_pressure_plate":2,"stat.pickup.minecraft.beef":25,"stat.pickup.minecraft.furnace":18,"stat.useItem.minecraft.cooked_mutton":31,"stat.mineBlock.minecraft.stained_hardened_clay":8,"stat.craftItem.securitycraft.reinforced_stone_slabs":6,"stat.craftItem.securitycraft.keycard_reader":1,"stat.pickup.tombstone.magic_scroll":5,"stat.drop.minecraft.furnace":1,"stat.useItem.minecraft.wheat_seeds":22,"stat.mineBlock.astralsorcery.blockmarble":28,"stat.craftItem.prefab.block_triple_compressed_stone":1,"stat.craftItem.securitycraft.laser_block":2,"stat.pickup.prefab.item_bulldozer":1,"stat.craftItem.minecraft.heavy_weighted_pressure_plate":1,"stat.deaths":7,"stat.pickup.minecraft.egg":3,"stat.playOneMinute":445880,"stat.craftItem.minecraft.item_frame":9,"stat.pickup.minecraft.clock":1,"stat.craftItem.minecraft.iron_pickaxe":1,"stat.useItem.minecraft.shears":5,"stat.craftItem.securitycraft.keypad_item":1,"stat.pickup.minecraft.item_frame":10,"stat.pickup.minecraft.iron_bars":1,"stat.craftItem.minecraft.cooked_mutton":31,"stat.mineBlock.minecraft.tallgrass":14,"stat.chestOpened":226,"stat.pickup.minecraft.spruce_door":2,"stat.useItem.minecraft.stone":12,"stat.pickup.minecraft.arrow":9,"stat.pickup.securitycraft.door_indestructible_iron_item":5,"stat.pickup.minecraft.wooden_pressure_plate":2,"stat.mineBlock.minecraft.ice":2,"stat.fallOneCm":211190,"stat.killEntity.robot":6,"stat.pickup.minecraft.carrot":4,"stat.crouchOneCm":10006,"stat.pickup.minecraft.rail":77,"stat.craftItem.minecraft.iron_ingot":255,"stat.craftItem.minecraft.chest":2,"stat.craftItem.minecraft.hopper":1,"stat.craftingTableInteraction":92,"stat.mineBlock.minecraft.wooden_pressure_plate":2,"stat.useItem.minecraft.furnace":23,"stat.drop.prefab.item_start_house":2,"stat.pickup.minecraft.dye":55,"stat.pickup.minecraft.planks":76,"stat.pickup.minecraft.wheat_seeds":28,"stat.useItem.securitycraft.keycard_lock":3,"stat.pickup.prefab.item_start_house":4,"stat.mineBlock.minecraft.gravel":6,"stat.useItem.minecraft.stone_pickaxe":112,"stat.craftItem.prefab.item_start_house":4,"stat.craftItem.minecraft.iron_leggings":1,"stat.killEntity.aquarachnid":2,"stat.useItem.minecraft.wool":5,"stat.mineBlock.minecraft.dirt":54,"stat.useItem.minecraft.torch":225,"stat.useItem.minecraft.bread":5,"stat.pickup.mowziesmobs.ice_crystal":2,"stat.craftItem.minecraft.redstone_block":30,"stat.drop.minecraft.rotten_flesh":2,"stat.pickup.minecraft.crafting_table":6,"stat.craftItem.securitycraft.portable_radar":2,"stat.useItem.minecraft.cobblestone":144,"stat.craftItem.minecraft.crafting_table":5,"stat.useItem.minecraft.gravel":3,"stat.mineBlock.minecraft.double_plant":1,"stat.pickup.prefab.item_moderate_house":1,"stat.pickup.minecraft.redstone_block":7,"stat.pickup.minecraft.log":145,"stat.craftItem.minecraft.stone_button":9,"stat.useItem.mmadd.skybeef":1,"stat.craftItem.usefulbackpacks.backpack":2,"stat.craftItem.minecraft.gold_ingot":36,"stat.drop.minecraft.sapling":1,"stat.pickup.securitycraft.keycard_lv1":1,"stat.pickup.minecraft.sapling":14,"stat.drop.mowziesmobs.ice_crystal":1,"stat.craftItem.securitycraft.door_indestructible_iron_item":2,"stat.pickup.prefab.block_compressed_stone":2,"stat.craftItem.minecraft.bucket":1,"stat.craftItem.minecraft.planks":140,"stat.useItem.minecraft.iron_sword":112,"stat.killEntity.PolarBear":1,"stat.useItem.securitycraft.universal_block_remover":22,"stat.mineBlock.minecraft.log":146,"stat.pickup.minecraft.iron_door":1,"stat.craftItem.minecraft.paper":12,"stat.pickup.minecraft.red_flower":1,"stat.sneakTime":4580,"stat.pickup.minecraft.wool":28,"stat.pickup.minecraft.golden_rail":1,"stat.pickup.minecraft.bone":13,"stat.pickup.securitycraft.keycard_lock":2,"stat.pickup.minecraft.redstone_torch":1,"stat.useItem.minecraft.iron_axe":160,"stat.drop.mowziesmobs.naga_fang":2,"stat.mineBlock.minecraft.cobblestone":22,"stat.pickup.minecraft.flint":1,"stat.mineBlock.mmadd.aquanest":7,"stat.pickup.securitycraft.sentry":1,"stat.useItem.minecraft.diamond_sword":354,"stat.pickup.minecraft.flower_pot":1,"stat.drop.minecraft.iron_nugget":6,"stat.craftItem.securitycraft.sentry":2,"stat.swimOneCm":66079,"stat.craftItem.minecraft.clock":4,"stat.climbOneCm":30198,"stat.drop.minecraft.cobblestone":65,"stat.useItem.minecraft.dirt":82,"stat.useItem.minecraft.stone_slab2":85,"stat.craftItem.minecraft.furnace":23,"stat.useItem.minecraft.egg":2,"stat.pickup.securitycraft.reinforced_metals":6,"stat.craftItem.minecraft.iron_boots":1,"stat.pickup.minecraft.anvil":3,"stat.craftItem.minecraft.stone_pickaxe":1,"stat.craftItem.minecraft.cooked_beef":55,"stat.mineBlock.minecraft.obsidian":8,"stat.pickup.minecraft.cobblestone":2383,"stat.craftItem.minecraft.bow":2,"stat.mineBlock.minecraft.carpet":12,"stat.mineBlock.minecraft.redstone_block":7,"stat.flyOneCm":1692839,"stat.drop.minecraft.wheat_seeds":1,"stat.useItem.securitycraft.door_indestructible_iron_item":3,"stat.useItem.minecraft.cooked_beef":54,"stat.pickup.minecraft.redstone":368,"stat.mineBlock.minecraft.iron_ore":216,"stat.craftItem.minecraft.book":1,"stat.timeSinceDeath":244527,"stat.pickup.securitycraft.keypad_item":2,"stat.drop.minecraft.spider_eye":1,"stat.pickup.minecraft.mossy_cobblestone":1,"stat.craftItem.securitycraft.reinforced_dispenser":2,"stat.craftItem.minecraft.iron_block":14,"stat.drop.minecraft.coal":6,"stat.craftItem.securitycraft.reinforced_stairs_cobblestone":12,"stat.pickup.travelersbackpack.travelers_backpack":1,"stat.useItem.minecraft.potato":7,"stat.craftItem.prefab.item_nether_gate":1,"stat.drop.minecraft.iron_bars":1,"stat.pickup.minecraft.carpet":9,"stat.mineBlock.minecraft.coal_ore":195,"stat.drop.minecraft.wool":1,"stat.killEntity.Creeper":3,"stat.pickup.minecraft.string":9,"stat.pickup.tombstone.crafting_ingredient":5,"stat.entityKilledBy.Skeleton":1,"stat.craftItem.minecraft.stone_slab2":0,"stat.sprintOneCm":1082103,"stat.pickup.securitycraft.portable_radar":1,"stat.useItem.mmadd.frostfruit":3,"stat.craftItem.minecraft.stick":192,"stat.useItem.tombstone.magic_scroll":1,"stat.craftItem.minecraft.stone":746,"stat.mineBlock.minecraft.diamond_ore":14,"stat.mineBlock.minecraft.crafting_table":4,"stat.useItem.minecraft.diamond_pickaxe":1092,"stat.useItem.minecraft.carrot":4,"stat.mineBlock.minecraft.planks":1,"stat.craftItem.securitycraft.keycard_lock":2,"stat.drop":27,"stat.pickup.minecraft.stone_button":1,"stat.killEntity.Sheep":10,"stat.craftItem.minecraft.diamond_pickaxe":1,"stat.pickup.minecraft.iron_block":1,"stat.killEntity.Zombie":44,"stat.pickup.minecraft.snowball":9,"stat.craftItem.securitycraft.universal_block_remover":1,"stat.mineBlock.minecraft.gold_ore":28,"stat.diveOneCm":50252,"stat.pickup.minecraft.wheat":2,"stat.pickup.securitycraft.reinforced_grass":2,"stat.mineBlock.minecraft.mossy_cobblestone":1,"stat.mineBlock.minecraft.stone_button":1,"stat.pickup.minecraft.gravel":37,"stat.mineBlock.minecraft.anvil":2,"stat.pickup.minecraft.obsidian":8,"stat.useItem.minecraft.porkchop":3,"stat.useItem.securitycraft.sentry":1,"stat.craftItem.prefab.block_compressed_stone":131,"stat.craftItem.minecraft.diamond_sword":1,"stat.jump":7897,"stat.pickup.minecraft.fence":3,"stat.pickup.minecraft.coal":394,"stat.pickup.minecraft.iron_ingot":12,"stat.useItem.minecraft.stone_axe":51,"stat.pickup.minecraft.spider_eye":2,"stat.craftItem.minecraft.torch":188,"stat.pickup.minecraft.dirt":199,"stat.craftItem.minecraft.iron_helmet":1,"stat.pickup.minecraft.iron_ore":248,"stat.boatOneCm":10532,"stat.pickup.minecraft.gold_ore":31,"stat.useItem.minecraft.sapling":7,"stat.mineBlock.minecraft.iron_bars":1,"stat.mineBlock.minecraft.lapis_ore":9,"stat.craftItem.minecraft.flint_and_steel":1,"stat.entityKilledBy.robot":1,"stat.damageTaken":7594,"stat.pickup.minecraft.leather":12,"stat.mineBlock.minecraft.torch":38,"stat.mineBlock.minecraft.furnace":16,"stat.useItem.minecraft.wooden_pickaxe":15,"stat.pickup.mmadd.aquanest":7,"stat.pickup.minecraft.reeds":21,"stat.pickup.minecraft.bed":1,"tombstone:undead_killed":64,"stat.pickup.minecraft.potato":7,"stat.entityKilledBy.Zombie":2,"stat.damageDealt":29345,"stat.craftItem.minecraft.glass":64,"stat.sleepInBed":3,"stat.craftItem.minecraft.anvil":1,"stat.killEntity.Cow":39,"stat.killEntity.Pig":2,"stat.craftItem.minecraft.iron_sword":1,"stat.craftItem.securitycraft.universal_block_reinforcer_lvl1":2,"stat.walkOneCm":848436,"stat.drop.minecraft.wheat":1,"stat.craftItem.jjskill.skill_book":1,"stat.useItem.tombstone.gift":2,"stat.useItem.minecraft.item_frame":16,"stat.craftItem.prefab.item_bundle_of_timber":12,"stat.pickup.minecraft.stone":612,"stat.craftItem.minecraft.iron_chestplate":1,"stat.mineBlock.minecraft.wool":5,"stat.craftItem.securitycraft.keycard_lv1":2,"stat.craftItem.minecraft.redstone":18,"stat.pickup.minecraft.ender_pearl":2,"stat.pickup.minecraft.gold_ingot":10,"stat.killEntity.Stray":2,"stat.killEntity.Skeleton":16,"stat.craftItem.prefab.item_moderate_house":2,"stat.drop.prefab.item_bulldozer":2,"stat.killEntity.Chicken":1,"stat.pickup.securitycraft.reinforced_dispenser":1,"stat.killEntity.Spider":10,"stat.pickup.minecraft.bread":5,"stat.pickup.astralsorcery.itemcraftingcomponent":3,"stat.useItem.mmadd.aquanest":4,"stat.mobKills":150,"stat.craftItem.minecraft.shears":2,"stat.pickup.securitycraft.reinforced_stone_button":8,"stat.pickup.minecraft.diamond":16,"stat.mineBlock.minecraft.leaves":51,"stat.pickup.minecraft.torch":46,"stat.mineBlock.minecraft.redstone_ore":79,"stat.pickup.astralsorcery.blockmarble":29,"stat.mineBlock.astralsorcery.blockcustomsandore":2,"stat.pickup.mowziesmobs.naga_fang":2,"stat.mineBlock.minecraft.stone":742,"stat.killEntity.skycow":2}