{"stat.walkOneCm":18792,"stat.pickup.minecraft.bone":1,"stat.leaveGame":2,"stat.craftItem.minecraft.crafting_table":1,"stat.mineBlock.minecraft.coal_ore":11,"stat.pickup.minecraft.log":6,"stat.jump":128,"stat.swimOneCm":98,"stat.pickup.minecraft.coal":11,"stat.fallOneCm":5758,"stat.useItem.minecraft.stone_axe":2,"stat.crouchOneCm":116,"stat.craftItem.minecraft.torch":16,"stat.pickup.minecraft.sapling":1,"stat.pickup.minecraft.dirt":1,"stat.sprintOneCm":6635,"stat.useItem.minecraft.stone_slab2":3,"stat.craftItem.minecraft.stick":12,"stat.craftingTableInteraction":2,"stat.pickup.minecraft.iron_ore":9,"stat.killEntity.Skeleton":1,"stat.craftItem.minecraft.planks":24,"stat.craftItem.minecraft.stone_axe":1,"stat.damageTaken":55,"stat.pickup.biomesoplenty.berries":1,"stat.craftItem.minecraft.stone_pickaxe":1,"stat.useItem.minecraft.wooden_pickaxe":19,"stat.pickup.minecraft.cobblestone":11,"stat.mobKills":1,"stat.mineBlock.minecraft.log":6,"stat.flyOneCm":26635,"stat.mineBlock.minecraft.leaves":13,"stat.playOneMinute":7632,"stat.useItem.minecraft.stone_pickaxe":16,"stat.sneakTime":25,"stat.damageDealt":263,"stat.mineBlock.minecraft.iron_ore":9,"stat.timeSinceDeath":7632,"stat.craftItem.minecraft.wooden_pickaxe":1,"stat.mineBlock.minecraft.stone":11,"stat.mineBlock.minecraft.tallgrass":2,"stat.diveOneCm":675}