{"stat.walkOneCm":33829,"stat.pickup.minecraft.bone":1,"stat.useItem.minecraft.torch":3,"stat.leaveGame":3,"stat.craftItem.minecraft.crafting_table":1,"stat.mineBlock.minecraft.coal_ore":28,"stat.pickup.minecraft.log":6,"stat.jump":217,"stat.swimOneCm":98,"stat.pickup.minecraft.coal":28,"stat.fallOneCm":8382,"stat.useItem.minecraft.stone_axe":5,"stat.crouchOneCm":116,"stat.craftItem.minecraft.torch":16,"stat.pickup.minecraft.sapling":1,"stat.pickup.minecraft.dirt":1,"stat.sprintOneCm":6860,"stat.useItem.minecraft.stone_slab2":3,"stat.craftItem.minecraft.stick":12,"stat.craftingTableInteraction":2,"stat.pickup.minecraft.iron_ore":13,"stat.pickup.minecraft.rotten_flesh":1,"stat.killEntity.Skeleton":1,"stat.craftItem.minecraft.planks":24,"stat.craftItem.minecraft.stone_axe":1,"stat.damageTaken":55,"stat.pickup.biomesoplenty.berries":1,"stat.craftItem.minecraft.stone_pickaxe":1,"stat.useItem.minecraft.wooden_pickaxe":19,"stat.pickup.minecraft.cobblestone":14,"stat.mobKills":2,"stat.mineBlock.minecraft.log":6,"stat.flyOneCm":43523,"stat.mineBlock.minecraft.leaves":13,"stat.playOneMinute":10496,"stat.useItem.minecraft.stone_pickaxe":40,"stat.sneakTime":25,"stat.damageDealt":464,"stat.mineBlock.minecraft.iron_ore":13,"stat.killEntity.Zombie":1,"stat.timeSinceDeath":10496,"stat.useItem.biomesoplenty.berries":1,"stat.craftItem.minecraft.wooden_pickaxe":1,"stat.mineBlock.minecraft.stone":14,"stat.mineBlock.minecraft.tallgrass":2,"stat.diveOneCm":675}