{"stat.pickup.minecraft.bone":6,"stat.useItem.minecraft.iron_axe":80,"stat.leaveGame":5,"stat.mineBlock.minecraft.cobblestone":11,"stat.pickup.minecraft.flint":6,"stat.craftItem.minecraft.iron_axe":1,"stat.swimOneCm":10652,"stat.climbOneCm":5448,"stat.mineBlock.minecraft.web":29,"stat.pickup.minecraft.porkchop":2,"stat.useItem.minecraft.dirt":60,"stat.useItem.minecraft.stone_slab2":38,"stat.useItem.minecraft.water_bucket":17,"stat.pickup.minecraft.rotten_flesh":6,"stat.craftItem.minecraft.furnace":6,"stat.craftItem.minecraft.iron_boots":1,"stat.useItem.minecraft.birch_boat":1,"stat.craftItem.minecraft.stone_pickaxe":1,"stat.useItem.minecraft.rail":47,"stat.pickup.minecraft.cobblestone":936,"stat.useItem.minecraft.stone_shovel":69,"stat.flyOneCm":127657,"stat.killEntity.Witch":1,"stat.pickup.minecraft.redstone":9,"stat.mineBlock.minecraft.iron_ore":93,"stat.timeSinceDeath":378,"stat.useItem.minecraft.fence_gate":1,"stat.useItem.minecraft.iron_pickaxe":1007,"stat.pickup.minecraft.mutton":6,"stat.killEntity.Bat":3,"stat.pickup.minecraft.double_plant":3,"stat.craftItem.minecraft.birch_door":3,"stat.useItem.minecraft.potato":5,"stat.furnaceInteraction":26,"stat.mineBlock.minecraft.rail":69,"stat.useItem.minecraft.cooked_porkchop":1,"stat.mineBlock.minecraft.coal_ore":10,"stat.killEntity.Creeper":1,"stat.pickup.minecraft.string":32,"stat.pickup.minecraft.fence_gate":1,"stat.pickup.minecraft.furnace":2,"stat.useItem.minecraft.cooked_mutton":5,"stat.pickup.tombstone.crafting_ingredient":4,"stat.useItem.minecraft.redstone":1,"stat.craftItem.minecraft.stone_slab2":0,"stat.sprintOneCm":167549,"stat.useItem.minecraft.fence":53,"stat.craftItem.minecraft.stick":114,"stat.useItem.minecraft.flint_and_steel":18,"stat.mineBlock.minecraft.fence":4,"stat.useItem.minecraft.wheat_seeds":9,"stat.craftItem.minecraft.fence_gate":3,"stat.mineBlock.minecraft.crafting_table":3,"stat.mineBlock.astralsorcery.blockmarble":16,"stat.useItem.minecraft.carrot":4,"stat.useItem.minecraft.dye":5,"stat.mineBlock.minecraft.planks":25,"stat.deaths":2,"stat.drop":13,"stat.playOneMinute":138338,"stat.killEntity.Sheep":4,"stat.craftItem.minecraft.iron_pickaxe":4,"stat.killEntity.Zombie":6,"stat.craftItem.minecraft.dye":6,"stat.drop.minecraft.torch":1,"stat.mineBlock.minecraft.gold_ore":35,"stat.mineBlock.minecraft.tallgrass":19,"stat.craftItem.minecraft.cooked_mutton":5,"stat.diveOneCm":23144,"stat.pickup.minecraft.wheat":4,"stat.chestOpened":39,"stat.pickup.minecraft.gravel":23,"stat.pickup.minecraft.arrow":11,"stat.craftItem.minecraft.cooked_porkchop":2,"stat.drop.minecraft.iron_pickaxe":1,"stat.craftItem.minecraft.iron_nugget":54,"stat.jump":1602,"stat.pickup.minecraft.fence":15,"stat.pickup.minecraft.coal":80,"stat.fallOneCm":32590,"stat.pickup.minecraft.iron_ingot":2,"stat.craftItem.minecraft.birch_boat":1,"stat.drop.minecraft.stone":11,"stat.pickup.minecraft.carrot":5,"stat.useItem.minecraft.stone_axe":62,"stat.crouchOneCm":1506,"stat.mineBlock.minecraft.chest":7,"stat.pickup.minecraft.rail":72,"stat.pickup.minecraft.spider_eye":1,"stat.craftItem.minecraft.iron_ingot":88,"stat.craftItem.minecraft.torch":128,"stat.pickup.minecraft.dirt":63,"stat.craftItem.minecraft.iron_helmet":2,"stat.craftingTableInteraction":26,"stat.pickup.minecraft.iron_ore":89,"stat.boatOneCm":38529,"stat.pickup.minecraft.gold_ore":34,"stat.mineBlock.minecraft.lapis_ore":4,"stat.craftItem.minecraft.flint_and_steel":1,"stat.mineBlock.minecraft.leaves2":3,"stat.useItem.minecraft.golden_rail":4,"stat.damageTaken":1276,"stat.mineBlock.minecraft.torch":39,"stat.mineBlock.minecraft.furnace":2,"stat.useItem.minecraft.furnace":1,"stat.pickup.minecraft.dye":24,"stat.pickup.minecraft.planks":27,"stat.pickup.minecraft.bed":2,"tombstone:undead_killed":7,"stat.craftItem.minecraft.birch_fence":9,"stat.pickup.minecraft.wheat_seeds":14,"stat.useItem.minecraft.birch_fence":6,"stat.mineBlock.minecraft.fence_gate":1,"stat.pickup.minecraft.potato":5,"stat.mineBlock.minecraft.gravel":29,"stat.useItem.minecraft.stone_pickaxe":262,"stat.useItem.minecraft.stone_sword":104,"stat.craftItem.minecraft.iron_leggings":1,"stat.damageDealt":2959,"stat.sleepInBed":3,"stat.useItem.minecraft.crafting_table":2,"stat.mineBlock.minecraft.dirt":66,"stat.pickup.minecraft.minecart":5,"stat.killEntity.Pig":1,"stat.craftItem.minecraft.iron_sword":1,"stat.walkOneCm":350663,"stat.useItem.minecraft.torch":154,"stat.useItem.minecraft.bread":12,"stat.animalsBred":1,"stat.useItem.minecraft.chest":5,"stat.pickup.minecraft.stick":2,"stat.pickup.minecraft.crafting_table":3,"stat.useItem.minecraft.cobblestone":354,"stat.craftItem.minecraft.crafting_table":3,"stat.mineBlock.minecraft.double_plant":1,"stat.useItem.minecraft.lava_bucket":7,"stat.minecartOneCm":19169,"stat.pickup.minecraft.log":43,"stat.mineBlock.minecraft.golden_rail":1,"stat.pickup.minecraft.stone":118,"stat.craftItem.minecraft.iron_chestplate":1,"stat.pickup.minecraft.sapling":2,"stat.useItem.minecraft.redstone_ore":1,"stat.useItem.minecraft.birch_door":1,"stat.killEntity.Skeleton":1,"stat.craftItem.minecraft.bucket":1,"stat.craftItem.minecraft.planks":172,"stat.useItem.minecraft.iron_sword":9,"stat.pickup.astralsorcery.itemcraftingcomponent":5,"stat.mobKills":20,"stat.mineBlock.minecraft.log":43,"stat.craftItem.minecraft.fence":69,"stat.useItem.minecraft.stone_hoe":10,"stat.pickup.minecraft.diamond":2,"stat.mineBlock.minecraft.leaves":30,"stat.pickup.minecraft.torch":44,"stat.mineBlock.minecraft.redstone_ore":2,"stat.sneakTime":1511,"stat.pickup.minecraft.wool":4,"stat.mineBlock.astralsorcery.blockcustomsandore":2,"stat.pickup.astralsorcery.blockmarble":16,"stat.mineBlock.minecraft.stone":1019,"stat.pickup.minecraft.golden_rail":6,"stat.pickup.minecraft.chest":7}