{"stat.drop.minecraft.stone_pickaxe":2,"stat.pickup.minecraft.bone":1,"stat.useItem.minecraft.iron_axe":373,"stat.leaveGame":8,"stat.mineBlock.minecraft.cobblestone":13,"stat.pickup.minecraft.stone_pickaxe":2,"stat.pickup.minecraft.flint":2,"stat.entityKilledBy.Witch":1,"stat.craftItem.minecraft.iron_axe":3,"stat.craftItem.minecraft.wool":2,"stat.swimOneCm":123038,"stat.useItem.minecraft.planks":59,"stat.craftItem.minecraft.shield":1,"stat.drop.minecraft.cobblestone":1,"stat.pickup.minecraft.cooked_porkchop":1,"stat.pickup.minecraft.porkchop":12,"stat.pickup.minecraft.glass":2,"stat.drop.minecraft.brown_mushroom":2,"stat.useItem.minecraft.dirt":9,"stat.useItem.minecraft.stone_slab2":71,"stat.useItem.minecraft.water_bucket":127,"stat.pickup.minecraft.rotten_flesh":10,"stat.pickup.minecraft.sand":19,"stat.craftItem.minecraft.furnace":3,"stat.useItem.minecraft.egg":1,"stat.craftItem.minecraft.stone_axe":1,"stat.craftItem.minecraft.iron_boots":1,"stat.craftItem.minecraft.spruce_boat":1,"stat.craftItem.minecraft.stone_pickaxe":2,"stat.craftItem.minecraft.cooked_beef":13,"stat.pickup.minecraft.cobblestone":712,"stat.flyOneCm":916786,"stat.pickup.minecraft.brown_mushroom":2,"stat.mineBlock.minecraft.sand":20,"stat.killEntity.Witch":3,"stat.useItem.minecraft.cooked_beef":13,"stat.mineBlock.minecraft.iron_ore":89,"stat.timeSinceDeath":186266,"stat.useItem.minecraft.iron_pickaxe":1524,"stat.craftItem.minecraft.wooden_pickaxe":2,"stat.drop.minecraft.coal":14,"stat.craftItem.minecraft.bed":1,"stat.furnaceInteraction":124,"stat.useItem.minecraft.cooked_porkchop":47,"stat.killEntity.ZombieVillager":4,"stat.mineBlock.minecraft.coal_ore":115,"stat.killEntity.Creeper":5,"stat.pickup.minecraft.furnace":18,"stat.useItem.minecraft.cooked_mutton":4,"stat.pickup.tombstone.crafting_ingredient":2,"stat.entityKilledBy.Skeleton":1,"stat.craftItem.minecraft.stone_slab2":0,"stat.craftItem.travelersbackpack.travelers_backpack":1,"stat.sprintOneCm":1253903,"stat.craftItem.minecraft.stick":104,"stat.craftItem.minecraft.wooden_axe":1,"stat.pickup.tombstone.magic_scroll":3,"stat.mineBlock.minecraft.diamond_ore":22,"stat.mineBlock.minecraft.crafting_table":24,"stat.drop.minecraft.leaves":4,"stat.pickup.minecraft.emerald":3,"stat.deaths":2,"stat.mineBlock.minecraft.planks":7,"stat.drop":23,"stat.pickup.minecraft.egg":1,"stat.playOneMinute":313043,"stat.killEntity.Sheep":9,"stat.craftItem.minecraft.iron_pickaxe":7,"stat.killEntity.Zombie":28,"stat.craftItem.minecraft.dye":2,"stat.mineBlock.minecraft.gold_ore":82,"stat.mineBlock.minecraft.tallgrass":7,"stat.craftItem.minecraft.cooked_mutton":7,"stat.diveOneCm":62993,"stat.chestOpened":3,"stat.useItem.minecraft.stone":96,"stat.drop.minecraft.wooden_pickaxe":1,"stat.pickup.minecraft.gravel":23,"stat.pickup.minecraft.arrow":2,"stat.craftItem.minecraft.cooked_porkchop":46,"stat.pickup.minecraft.stone_axe":1,"stat.drop.minecraft.iron_pickaxe":2,"stat.useItem.minecraft.rotten_flesh":10,"stat.craftItem.travelersbackpack.backpack_tank":2,"stat.jump":5988,"stat.pickup.minecraft.coal":133,"stat.fallOneCm":132088,"stat.drop.minecraft.stone":1,"stat.useItem.minecraft.stone_axe":96,"stat.crouchOneCm":142729,"stat.craftItem.minecraft.iron_ingot":78,"stat.craftItem.minecraft.chest":1,"stat.craftItem.minecraft.torch":4,"stat.pickup.minecraft.dirt":19,"stat.craftItem.minecraft.iron_helmet":1,"stat.pickup.minecraft.red_mushroom":1,"stat.craftingTableInteraction":48,"stat.pickup.minecraft.iron_ore":92,"stat.boatOneCm":349933,"stat.pickup.minecraft.gold_ore":103,"stat.mineBlock.minecraft.lapis_ore":8,"stat.pickup.minecraft.iron_axe":5,"stat.pickup.minecraft.leaves":167,"stat.damageTaken":5074,"stat.mineBlock.minecraft.furnace":18,"stat.mineBlock.minecraft.red_flower":2,"stat.mineBlock.minecraft.torch":1,"stat.useItem.minecraft.wooden_pickaxe":16,"stat.useItem.minecraft.furnace":9,"stat.drop.minecraft.water_bucket":3,"stat.pickup.minecraft.dye":1,"stat.pickup.minecraft.planks":32,"stat.pickup.minecraft.reeds":4,"stat.killEntity.CaveSpider":1,"stat.pickup.minecraft.bed":2,"tombstone:undead_killed":72,"stat.pickup.minecraft.wheat_seeds":1,"stat.mineBlock.minecraft.gravel":26,"stat.useItem.minecraft.stone_pickaxe":205,"stat.craftItem.minecraft.iron_leggings":1,"stat.damageDealt":23553,"stat.craftItem.minecraft.glass":16,"stat.sleepInBed":2,"stat.killEntity.Silverfish":2,"stat.killEntity.Cow":7,"stat.mineBlock.minecraft.dirt":15,"stat.useItem.minecraft.crafting_table":1,"stat.killEntity.Pig":21,"stat.drop.minecraft.iron_axe":5,"stat.mineBlock.minecraft.monster_egg":1,"stat.walkOneCm":646228,"stat.useItem.minecraft.torch":9,"stat.drop.tombstone.crafting_ingredient":1,"stat.pickup.minecraft.stick":1,"stat.pickup.minecraft.crafting_table":23,"stat.useItem.minecraft.cobblestone":188,"stat.craftItem.minecraft.crafting_table":6,"stat.useItem.minecraft.gravel":14,"stat.mineBlock.minecraft.double_plant":1,"stat.useItem.minecraft.lava_bucket":2,"stat.useItem.minecraft.spruce_boat":3,"stat.craftItem.minecraft.boat":1,"stat.mineBlock.minecraft.emerald_ore":3,"stat.pickup.minecraft.log":44,"stat.mineBlock.mmadd.grossgunk":1,"stat.pickup.minecraft.iron_pickaxe":2,"stat.useItem.tombstone.gift":2,"stat.craftItem.minecraft.gold_ingot":37,"stat.pickup.minecraft.tallgrass":2,"stat.pickup.minecraft.stone":195,"stat.craftItem.minecraft.iron_chestplate":1,"stat.useItem.minecraft.leaves":161,"stat.killEntity.Skeleton":40,"stat.craftItem.travelersbackpack.sleeping_bag_bottom":1,"stat.craftItem.minecraft.bucket":1,"stat.craftItem.minecraft.planks":172,"stat.pickup.mmadd.grossgunk":2,"stat.killEntity.Spider":5,"stat.mobKills":131,"stat.mineBlock.minecraft.log":44,"stat.craftItem.minecraft.shears":1,"stat.useItem.minecraft.boat":1,"stat.pickup.minecraft.water_bucket":3,"stat.pickup.minecraft.diamond":22,"stat.mineBlock.minecraft.leaves":285,"stat.pickup.minecraft.torch":1,"stat.pickup.minecraft.red_flower":3,"stat.mineBlock.minecraft.redstone_ore":15,"stat.sneakTime":48564,"stat.drop.minecraft.stone_axe":1,"stat.pickup.minecraft.spruce_boat":3,"stat.useItem.minecraft.wooden_axe":32,"stat.mineBlock.minecraft.stone":1356}