{"stat.chestOpened":15,"stat.walkOneCm":93223,"stat.useItem.minecraft.torch":4,"stat.useItem.minecraft.potato":2,"stat.leaveGame":2,"stat.pickup.minecraft.crafting_table":1,"stat.craftItem.minecraft.cooked_porkchop":3,"stat.mineBlock.minecraft.cobblestone":8,"stat.useItem.minecraft.cobblestone":18,"stat.furnaceInteraction":5,"stat.mineBlock.minecraft.coal_ore":65,"stat.pickup.minecraft.log":3,"stat.jump":441,"stat.swimOneCm":7502,"stat.pickup.minecraft.coal":66,"stat.fallOneCm":6025,"stat.climbOneCm":13106,"stat.pickup.minecraft.carrot":6,"stat.pickup.minecraft.stone":15,"stat.crouchOneCm":686,"stat.pickup.minecraft.sapling":2,"stat.pickup.minecraft.dirt":22,"stat.useItem.minecraft.dirt":18,"stat.sprintOneCm":51617,"stat.useItem.minecraft.stone_slab2":10,"stat.pickup.minecraft.cooked_beef":8,"stat.craftItem.minecraft.stick":4,"stat.pickup.minecraft.iron_ore":14,"stat.craftingTableInteraction":3,"stat.useItem.minecraft.sapling":3,"stat.craftItem.minecraft.planks":12,"stat.useItem.minecraft.wheat_seeds":4,"stat.damageTaken":425,"stat.mineBlock.minecraft.crafting_table":1,"stat.killEntity.Spider":1,"stat.craftItem.minecraft.stone_pickaxe":1,"stat.useItem.minecraft.carrot":6,"stat.mobKills":4,"stat.pickup.minecraft.cobblestone":135,"stat.mineBlock.minecraft.log":3,"stat.useItem.minecraft.stone_hoe":2,"stat.flyOneCm":54626,"stat.deaths":1,"tombstone:undead_killed":1,"stat.pickup.minecraft.wheat_seeds":6,"stat.playOneMinute":33731,"stat.entityKilledBy.Zombie":1,"stat.pickup.minecraft.torch":9,"stat.useItem.minecraft.stone_pickaxe":232,"stat.useItem.minecraft.cooked_beef":3,"stat.mineBlock.minecraft.glass":3,"stat.sneakTime":797,"stat.damageDealt":530,"stat.mineBlock.minecraft.iron_ore":14,"stat.killEntity.Zombie":1,"stat.sleepInBed":1,"stat.timeSinceDeath":26786,"stat.mineBlock.minecraft.dirt":10,"stat.killEntity.Pig":1,"stat.mineBlock.minecraft.stone":146,"stat.mineBlock.minecraft.tallgrass":4,"stat.diveOneCm":8630}