{
  "minecraft:recipes/tools/fishing_rod": {
    "criteria": {
      "has_the_recipe": "2024-07-29 15:56:28 +0000"
    },
    "done": true
  },
  "minecraft:recipes/decorations/purple_stained_glass_pane": {
    "criteria": {
      "has_the_recipe": "2024-07-29 15:56:27 +0000"
    },
    "done": true
  },
  "biomesoplenty:recipes/misc/yellow_dye_from_goldenrod": {
    "criteria": {
      "has_the_recipe": "2024-07-29 15:56:28 +0000"
    },
    "done": true
  },
  "minecraft:recipes/building_blocks/black_stained_glass": {
    "criteria": {
      "has_the_recipe": "2024-07-29 15:56:28 +0000"
    },
    "done": true
  },
  "minecraft:recipes/building_blocks/red_stained_hardened_clay": {
    "criteria": {
      "has_the_recipe": "2024-07-29 15:56:27 +0000"
    },
    "done": true
  },
  "biomesoplenty:recipes/buildingblocks/redwood_planks": {
    "criteria": {
      "has_the_recipe": "2024-07-29 15:56:28 +0000"
    },
    "done": true
  },
  "minecraft:recipes/redstone/lever": {
    "criteria": {
      "has_the_recipe": "2024-07-29 15:56:27 +0000"
    },
    "done": true
  },
  "minecraft:recipes/building_blocks/acacia_wooden_slab": {
    "criteria": {
      "has_the_recipe": "2024-07-29 15:56:28 +0000"
    },
    "done": true
  },
  "minecraft:recipes/misc/magenta_dye_from_lilac": {
    "criteria": {
      "has_the_recipe": "2024-07-29 15:56:27 +0000"
    },
    "done": true
  },
  "minecraft:recipes/misc/light_blue_dye_from_blue_orchid": {
    "criteria": {
      "has_the_recipe": "2024-07-29 15:56:27 +0000"
    },
    "done": true
  },
  "minecraft:recipes/combat/iron_sword": {
    "criteria": {
      "has_the_recipe": "2024-07-29 15:56:27 +0000"
    },
    "done": true
  },
  "minecraft:recipes/redstone/observer": {
    "criteria": {
      "has_the_recipe": "2024-07-29 15:56:27 +0000"
    },
    "done": true
  },
  "minecraft:recipes/building_blocks/mossy_cobblestone": {
    "criteria": {
      "has_the_recipe": "2024-07-29 15:56:27 +0000"
    },
    "done": true
  },
  "minecraft:recipes/redstone/spruce_door": {
    "criteria": {
      "has_the_recipe": "2024-07-29 15:56:27 +0000"
    },
    "done": true
  },
  "biomesoplenty:recipes/buildingblocks/redwood_wooden_slab": {
    "criteria": {
      "has_the_recipe": "2024-07-29 15:56:28 +0000"
    },
    "done": true
  },
  "minecraft:recipes/building_blocks/snow": {
    "criteria": {
      "has_the_recipe": "2024-07-29 15:56:27 +0000"
    },
    "done": true
  },
  "minecraft:recipes/misc/light_gray_dye_from_white_tulip": {
    "criteria": {
      "has_the_recipe": "2024-07-29 15:56:27 +0000"
    },
    "done": true
  },
  "minecraft:recipes/building_blocks/lime_concrete_powder": {
    "criteria": {
      "has_the_recipe": "2024-07-29 15:56:27 +0000"
    },
    "done": true
  },
  "minecraft:recipes/building_blocks/nether_brick_slab": {
    "criteria": {
      "has_the_recipe": "2024-07-29 15:56:27 +0000"
    },
    "done": true
  },
  "minecraft:recipes/tools/iron_pickaxe": {
    "criteria": {
      "has_the_recipe": "2024-07-29 15:56:27 +0000"
    },
    "done": true
  },
  "minecraft:recipes/building_blocks/gray_stained_glass": {
    "criteria": {
      "has_the_recipe": "2024-07-29 15:56:28 +0000"
    },
    "done": true
  },
  "minecraft:recipes/redstone/spruce_fence_gate": {
    "criteria": {
      "has_the_recipe": "2024-07-29 15:56:27 +0000"
    },
    "done": true
  },
  "minecraft:recipes/building_blocks/yellow_concrete_powder": {
    "criteria": {
      "has_the_recipe": "2024-07-29 15:56:27 +0000"
    },
    "done": true
  },
  "biomesoplenty:recipes/decorations/ethereal_fence": {
    "criteria": {
      "has_the_recipe": "2024-07-29 15:56:28 +0000"
    },
    "done": true
  },
  "biomesoplenty:recipes/buildingblocks/pine_planks": {
    "criteria": {
      "has_the_recipe": "2024-07-29 15:56:28 +0000"
    },
    "done": true
  },
  "minecraft:recipes/combat/leather_helmet": {
    "criteria": {
      "has_the_recipe": "2024-07-29 15:56:27 +0000"
    },
    "done": true
  },
  "minecraft:recipes/misc/pumpkin_seeds": {
    "criteria": {
      "has_the_recipe": "2024-07-29 15:56:27 +0000"
    },
    "done": true
  },
  "biomesoplenty:recipes/buildingblocks/mahogany_planks": {
    "criteria": {
      "has_the_recipe": "2024-07-29 15:56:28 +0000"
    },
    "done": true
  },
  "biomesoplenty:recipes/buildingblocks/cherry_planks": {
    "criteria": {
      "has_the_recipe": "2024-07-29 15:56:28 +0000"
    },
    "done": true
  },
  "minecraft:recipes/building_blocks/mossy_stonebrick": {
    "criteria": {
      "has_the_recipe": "2024-07-29 15:56:27 +0000"
    },
    "done": true
  },
  "minecraft:recipes/building_blocks/magenta_wool": {
    "criteria": {
      "has_the_recipe": "2024-07-29 15:56:27 +0000"
    },
    "done": true
  },
  "minecraft:recipes/decorations/crafting_table": {
    "criteria": {
      "has_the_recipe": "2024-07-29 15:56:28 +0000"
    },
    "done": true
  },
  "minecraft:recipes/building_blocks/purple_stained_glass": {
    "criteria": {
      "has_the_recipe": "2024-07-29 15:56:27 +0000"
    },
    "done": true
  },
  "minecraft:recipes/misc/melon_seeds": {
    "criteria": {
      "has_the_recipe": "2024-07-29 15:56:27 +0000"
    },
    "done": true
  },
  "biomesoplenty:recipes/buildingblocks/hellbark_planks": {
    "criteria": {
      "has_the_recipe": "2024-07-29 15:56:28 +0000"
    },
    "done": true
  },
  "minecraft:recipes/decorations/ladder": {
    "criteria": {
      "has_the_recipe": "2024-07-29 15:56:27 +0000"
    },
    "done": true
  },
  "minecraft:recipes/building_blocks/black_stained_hardened_clay": {
    "criteria": {
      "has_the_recipe": "2024-07-29 15:56:28 +0000"
    },
    "done": true
  },
  "minecraft:recipes/misc/map": {
    "criteria": {
      "has_the_recipe": "2024-07-29 15:56:27 +0000"
    },
    "done": true
  },
  "minecraft:recipes/decorations/chest": {
    "criteria": {
      "has_the_recipe": "2024-07-29 15:56:28 +0000"
    },
    "done": true
  },
  "minecraft:recipes/combat/golden_sword": {
    "criteria": {
      "has_the_recipe": "2024-07-29 15:56:28 +0000"
    },
    "done": true
  },
  "minecraft:recipes/building_blocks/white_stained_hardened_clay": {
    "criteria": {
      "has_the_recipe": "2024-07-29 15:56:27 +0000"
    },
    "done": true
  },
  "minecraft:recipes/decorations/magenta_stained_glass_pane": {
    "criteria": {
      "has_the_recipe": "2024-07-29 15:56:27 +0000"
    },
    "done": true
  },
  "biomesoplenty:recipes/redstone/palm_fence_gate": {
    "criteria": {
      "has_the_recipe": "2024-07-29 15:56:28 +0000"
    },
    "done": true
  },
  "minecraft:recipes/building_blocks/red_sandstone": {
    "criteria": {
      "has_the_recipe": "2024-07-29 15:56:27 +0000"
    },
    "done": true
  },
  "minecraft:recipes/tools/wooden_shovel": {
    "criteria": {
      "has_the_recipe": "2024-07-29 15:56:27 +0000"
    },
    "done": true
  },
  "minecraft:recipes/decorations/torch": {
    "criteria": {
      "has_the_recipe": "2024-07-29 15:56:27 +0000"
    },
    "done": true
  },
  "biomesoplenty:recipes/buildingblocks/magic_planks": {
    "criteria": {
      "has_the_recipe": "2024-07-29 15:56:28 +0000"
    },
    "done": true
  },
  "minecraft:recipes/building_blocks/purpur_stairs": {
    "criteria": {
      "has_the_recipe": "2024-07-29 15:56:27 +0000"
    },
    "done": true
  },
  "minecraft:recipes/building_blocks/lime_stained_hardened_clay": {
    "criteria": {
      "has_the_recipe": "2024-07-29 15:56:27 +0000"
    },
    "done": true
  },
  "minecraft:recipes/tools/shears": {
    "criteria": {
      "has_the_recipe": "2024-07-29 15:56:27 +0000"
    },
    "done": true
  },
  "minecraft:recipes/misc/stick": {
    "criteria": {
      "has_the_recipe": "2024-07-29 15:56:27 +0000"
    },
    "done": true
  },
  "minecraft:recipes/redstone/redstone_lamp": {
    "criteria": {
      "has_the_recipe": "2024-07-29 15:56:27 +0000"
    },
    "done": true
  },
  "biomesoplenty:recipes/redstone/mangrove_door": {
    "criteria": {
      "has_the_recipe": "2024-07-29 15:56:28 +0000"
    },
    "done": true
  },
  "biomesoplenty:recipes/decorations/nether_terrarium": {
    "criteria": {
      "has_the_recipe": "2024-07-29 15:56:28 +0000"
    },
    "done": true
  },
  "biomesoplenty:recipes/redstone/ethereal_door": {
    "criteria": {
      "has_the_recipe": "2024-07-29 15:56:28 +0000"
    },
    "done": true
  },
  "minecraft:recipes/decorations/blue_carpet": {
    "criteria": {
      "has_the_recipe": "2024-07-29 15:56:28 +0000"
    },
    "done": true
  },
  "biomesoplenty:recipes/transportation/boat_ethereal": {
    "criteria": {
      "has_the_recipe": "2024-07-29 15:56:28 +0000"
    },
    "done": true
  },
  "minecraft:recipes/redstone/dispenser": {
    "criteria": {
      "has_the_recipe": "2024-07-29 15:56:28 +0000"
    },
    "done": true
  },
  "biomesoplenty:recipes/buildingblocks/palm_planks": {
    "criteria": {
      "has_the_recipe": "2024-07-29 15:56:28 +0000"
    },
    "done": true
  },
  "minecraft:recipes/misc/pink_dye_from_red_bonemeal": {
    "criteria": {
      "has_the_recipe": "2024-07-29 15:56:27 +0000"
    },
    "done": true
  },
  "biomesoplenty:recipes/misc/white_dye_from_white_anemone": {
    "criteria": {
      "has_the_recipe": "2024-07-29 15:56:28 +0000"
    },
    "done": true
  },
  "biomesoplenty:recipes/decorations/umbran_fence": {
    "criteria": {
      "has_the_recipe": "2024-07-29 15:56:28 +0000"
    },
    "done": true
  },
  "minecraft:recipes/building_blocks/emerald_block": {
    "criteria": {
      "has_the_recipe": "2024-07-29 15:56:28 +0000"
    },
    "done": true
  },
  "biomesoplenty:recipes/buildingblocks/fir_planks": {
    "criteria": {
      "has_the_recipe": "2024-07-29 15:56:28 +0000"
    },
    "done": true
  },
  "minecraft:recipes/transportation/detector_rail": {
    "criteria": {
      "has_the_recipe": "2024-07-29 15:56:28 +0000"
    },
    "done": true
  },
  "minecraft:recipes/food/cake": {
    "criteria": {
      "has_the_recipe": "2024-07-29 15:56:28 +0000"
    },
    "done": true
  },
  "minecraft:recipes/building_blocks/dark_oak_planks": {
    "criteria": {
      "has_the_recipe": "2024-07-29 15:56:28 +0000"
    },
    "done": true
  },
  "minecraft:recipes/combat/iron_leggings": {
    "criteria": {
      "has_the_recipe": "2024-07-29 15:56:27 +0000"
    },
    "done": true
  },
  "minecraft:recipes/redstone/dark_oak_door": {
    "criteria": {
      "has_the_recipe": "2024-07-29 15:56:28 +0000"
    },
    "done": true
  },
  "minecraft:recipes/building_blocks/sandstone_stairs": {
    "criteria": {
      "has_the_recipe": "2024-07-29 15:56:27 +0000"
    },
    "done": true
  },
  "biomesoplenty:recipes/buildingblocks/mud_bricks_slab": {
    "criteria": {
      "has_the_recipe": "2024-07-29 15:56:28 +0000"
    },
    "done": true
  },
  "biomesoplenty:recipes/buildingblocks/umbran_wooden_slab": {
    "criteria": {
      "has_the_recipe": "2024-07-29 15:56:28 +0000"
    },
    "done": true
  },
  "minecraft:recipes/building_blocks/nether_wart_block": {
    "criteria": {
      "has_the_recipe": "2024-07-29 15:56:27 +0000"
    },
    "done": true
  },
  "minecraft:recipes/brewing/golden_carrot": {
    "criteria": {
      "has_the_recipe": "2024-07-29 15:56:28 +0000"
    },
    "done": true
  },
  "minecraft:recipes/decorations/brown_banner": {
    "criteria": {
      "has_the_recipe": "2024-07-29 15:56:28 +0000"
    },
    "done": true
  },
  "minecraft:recipes/combat/shield": {
    "criteria": {
      "has_the_recipe": "2024-07-29 15:56:27 +0000"
    },
    "done": true
  },
  "minecraft:recipes/building_blocks/cobblestone_slab": {
    "criteria": {
      "has_the_recipe": "2024-07-29 15:56:28 +0000"
    },
    "done": true
  },
  "biomesoplenty:recipes/redstone/ethereal_fence_gate": {
    "criteria": {
      "has_the_recipe": "2024-07-29 15:56:28 +0000"
    },
    "done": true
  },
  "minecraft:recipes/building_blocks/red_sandstone_stairs": {
    "criteria": {
      "has_the_recipe": "2024-07-29 15:56:27 +0000"
    },
    "done": true
  },
  "minecraft:recipes/brewing/speckled_melon": {
    "criteria": {
      "has_the_recipe": "2024-07-29 15:56:27 +0000"
    },
    "done": true
  },
  "minecraft:recipes/misc/iron_ingot_from_block": {
    "criteria": {
      "has_the_recipe": "2024-07-29 15:56:27 +0000"
    },
    "done": true
  },
  "minecraft:recipes/redstone/trapped_chest": {
    "criteria": {
      "has_the_recipe": "2024-07-29 15:56:27 +0000"
    },
    "done": true
  },
  "minecraft:recipes/decorations/gray_bed": {
    "criteria": {
      "has_the_recipe": "2024-07-29 15:56:28 +0000"
    },
    "done": true
  },
  "minecraft:recipes/redstone/hopper": {
    "criteria": {
      "has_the_recipe": "2024-07-29 15:56:27 +0000"
    },
    "done": true
  },
  "biomesoplenty:recipes/decorations/mahogany_fence": {
    "criteria": {
      "has_the_recipe": "2024-07-29 15:56:28 +0000"
    },
    "done": true
  },
  "minecraft:recipes/building_blocks/coarse_dirt": {
    "criteria": {
      "has_the_recipe": "2024-07-29 15:56:28 +0000"
    },
    "done": true
  },
  "nocubessrparmory:advsrparmoryroot": {
    "criteria": {
      "advsrparmoryroot": "2024-07-29 15:56:28 +0000"
    },
    "done": true
  },
  "biomesoplenty:recipes/decorations/ominous_terrarium": {
    "criteria": {
      "has_the_recipe": "2024-07-29 15:56:28 +0000"
    },
    "done": true
  },
  "minecraft:recipes/redstone/fence_gate": {
    "criteria": {
      "has_the_recipe": "2024-07-29 15:56:28 +0000"
    },
    "done": true
  },
  "biomesoplenty:recipes/transportation/boat_mangrove": {
    "criteria": {
      "has_the_recipe": "2024-07-29 15:56:28 +0000"
    },
    "done": true
  },
  "biomesoplenty:recipes/redstone/sacred_oak_door": {
    "criteria": {
      "has_the_recipe": "2024-07-29 15:56:28 +0000"
    },
    "done": true
  },
  "minecraft:recipes/building_blocks/light_gray_concrete_powder": {
    "criteria": {
      "has_the_recipe": "2024-07-29 15:56:27 +0000"
    },
    "done": true
  },
  "minecraft:recipes/decorations/magenta_carpet": {
    "criteria": {
      "has_the_recipe": "2024-07-29 15:56:27 +0000"
    },
    "done": true
  },
  "minecraft:recipes/misc/lime_dye": {
    "criteria": {
      "has_the_recipe": "2024-07-29 15:56:27 +0000"
    },
    "done": true
  },
  "biomesoplenty:recipes/buildingblocks/mangrove_wooden_slab": {
    "criteria": {
      "has_the_recipe": "2024-07-29 15:56:28 +0000"
    },
    "done": true
  },
  "biomesoplenty:recipes/redstone/willow_fence_gate": {
    "criteria": {
      "has_the_recipe": "2024-07-29 15:56:28 +0000"
    },
    "done": true
  },
  "minecraft:recipes/combat/leather_leggings": {
    "criteria": {
      "has_the_recipe": "2024-07-29 15:56:27 +0000"
    },
    "done": true
  },
  "minecraft:recipes/building_blocks/pink_concrete_powder": {
    "criteria": {
      "has_the_recipe": "2024-07-29 15:56:27 +0000"
    },
    "done": true
  },
  "minecraft:recipes/building_blocks/sandstone_slab": {
    "criteria": {
      "has_the_recipe": "2024-07-29 15:56:27 +0000"
    },
    "done": true
  },
  "minecraft:recipes/misc/emerald": {
    "criteria": {
      "has_the_recipe": "2024-07-29 15:56:28 +0000"
    },
    "done": true
  },
  "minecraft:recipes/building_blocks/yellow_stained_glass": {
    "criteria": {
      "has_the_recipe": "2024-07-29 15:56:27 +0000"
    },
    "done": true
  },
  "minecraft:recipes/decorations/acacia_fence": {
    "criteria": {
      "has_the_recipe": "2024-07-29 15:56:28 +0000"
    },
    "done": true
  },
  "minecraft:recipes/decorations/magenta_bed_from_white_bed": {
    "criteria": {
      "has_the_recipe": "2024-07-29 15:56:27 +0000"
    },
    "done": true
  },
  "minecraft:recipes/decorations/iron_bars": {
    "criteria": {
      "has_the_recipe": "2024-07-29 15:56:27 +0000"
    },
    "done": true
  },
  "minecraft:recipes/misc/sugar": {
    "criteria": {
      "has_the_recipe": "2024-07-29 15:56:27 +0000"
    },
    "done": true
  },
  "biomesoplenty:recipes/decorations/crafting_table_from_bop_wood": {
    "criteria": {
      "has_the_recipe": "2024-07-29 15:56:28 +0000"
    },
    "done": true
  },
  "minecraft:recipes/misc/red_dye_from_rose_bush": {
    "criteria": {
      "has_the_recipe": "2024-07-29 15:56:27 +0000"
    },
    "done": true
  },
  "minecraft:recipes/building_blocks/brick_stairs": {
    "criteria": {
      "has_the_recipe": "2024-07-29 15:56:28 +0000"
    },
    "done": true
  },
  "minecraft:recipes/building_blocks/blue_wool": {
    "criteria": {
      "has_the_recipe": "2024-07-29 15:56:28 +0000"
    },
    "done": true
  },
  "minecraft:recipes/misc/magenta_dye_from_purple_and_pink": {
    "criteria": {
      "has_the_recipe": "2024-07-29 15:56:27 +0000"
    },
    "done": true
  },
  "minecraft:recipes/building_blocks/gold_block": {
    "criteria": {
      "has_the_recipe": "2024-07-29 15:56:28 +0000"
    },
    "done": true
  },
  "minecraft:recipes/redstone/comparator": {
    "criteria": {
      "has_the_recipe": "2024-07-29 15:56:28 +0000"
    },
    "done": true
  },
  "biomesoplenty:biomesoplenty/all_biomes": {
    "criteria": {
      "grove": "2024-07-29 15:59:55 +0000"
    },
    "done": false
  },
  "biomesoplenty:recipes/decorations/beach_terrarium": {
    "criteria": {
      "has_the_recipe": "2024-07-29 15:56:28 +0000"
    },
    "done": true
  },
  "minecraft:recipes/misc/yellow_dye_from_sunflower": {
    "criteria": {
      "has_the_recipe": "2024-07-29 15:56:27 +0000"
    },
    "done": true
  },
  "biomesoplenty:recipes/misc/brown_dye_from_cattail": {
    "criteria": {
      "has_the_recipe": "2024-07-29 15:56:28 +0000"
    },
    "done": true
  },
  "minecraft:recipes/brewing/cauldron": {
    "criteria": {
      "has_the_recipe": "2024-07-29 15:56:28 +0000"
    },
    "done": true
  },
  "minecraft:recipes/transportation/chest_minecart": {
    "criteria": {
      "has_the_recipe": "2024-07-29 15:56:28 +0000"
    },
    "done": true
  },
  "minecraft:recipes/decorations/gray_stained_glass_pane": {
    "criteria": {
      "has_the_recipe": "2024-07-29 15:56:28 +0000"
    },
    "done": true
  },
  "minecraft:recipes/combat/diamond_leggings": {
    "criteria": {
      "has_the_recipe": "2024-07-29 15:56:28 +0000"
    },
    "done": true
  },
  "minecraft:recipes/decorations/armor_stand": {
    "criteria": {
      "has_the_recipe": "2024-07-29 15:56:28 +0000"
    },
    "done": true
  },
  "minecraft:recipes/building_blocks/red_stained_glass": {
    "criteria": {
      "has_the_recipe": "2024-07-29 15:56:27 +0000"
    },
    "done": true
  },
  "minecraft:recipes/building_blocks/sandstone": {
    "criteria": {
      "has_the_recipe": "2024-07-29 15:56:27 +0000"
    },
    "done": true
  },
  "minecraft:recipes/building_blocks/spruce_planks": {
    "criteria": {
      "has_the_recipe": "2024-07-29 15:56:27 +0000"
    },
    "done": true
  },
  "biomesoplenty:recipes/decorations/mangrove_fence": {
    "criteria": {
      "has_the_recipe": "2024-07-29 15:56:28 +0000"
    },
    "done": true
  },
  "biomesoplenty:recipes/misc/white_dye_from_lily_of_the_valley": {
    "criteria": {
      "has_the_recipe": "2024-07-29 15:56:28 +0000"
    },
    "done": true
  },
  "biomesoplenty:recipes/decorations/bamboo_terrarium": {
    "criteria": {
      "has_the_recipe": "2024-07-29 15:56:28 +0000"
    },
    "done": true
  },
  "minecraft:recipes/building_blocks/quartz_stairs": {
    "criteria": {
      "has_the_recipe": "2024-07-29 15:56:27 +0000"
    },
    "done": true
  },
  "minecraft:recipes/building_blocks/oak_stairs": {
    "criteria": {
      "has_the_recipe": "2024-07-29 15:56:27 +0000"
    },
    "done": true
  },
  "minecraft:recipes/decorations/red_carpet": {
    "criteria": {
      "has_the_recipe": "2024-07-29 15:56:27 +0000"
    },
    "done": true
  },
  "minecraft:recipes/transportation/acacia_boat": {
    "criteria": {
      "has_the_recipe": "2024-07-29 15:56:28 +0000"
    },
    "done": true
  },
  "biomesoplenty:recipes/buildingblocks/ethereal_wooden_slab": {
    "criteria": {
      "has_the_recipe": "2024-07-29 15:56:28 +0000"
    },
    "done": true
  },
  "minecraft:recipes/redstone/iron_trapdoor": {
    "criteria": {
      "has_the_recipe": "2024-07-29 15:56:27 +0000"
    },
    "done": true
  },
  "biomesoplenty:recipes/transportation/boat_redwood": {
    "criteria": {
      "has_the_recipe": "2024-07-29 15:56:28 +0000"
    },
    "done": true
  },
  "biomesoplenty:recipes/misc/orange_dye_from_orange_cosmos": {
    "criteria": {
      "has_the_recipe": "2024-07-29 15:56:28 +0000"
    },
    "done": true
  },
  "biomesoplenty:recipes/decorations/ender_terrarium": {
    "criteria": {
      "has_the_recipe": "2024-07-29 15:56:28 +0000"
    },
    "done": true
  },
  "biomesoplenty:recipes/buildingblocks/eucalyptus_planks": {
    "criteria": {
      "has_the_recipe": "2024-07-29 15:56:28 +0000"
    },
    "done": true
  },
  "minecraft:adventure/root": {
    "criteria": {
      "killed_something": "2024-07-29 16:00:48 +0000"
    },
    "done": true
  },
  "biomesoplenty:recipes/buildingblocks/white_wool_from_cattails": {
    "criteria": {
      "has_the_recipe": "2024-07-29 15:56:28 +0000"
    },
    "done": true
  },
  "minecraft:recipes/decorations/black_bed": {
    "criteria": {
      "has_the_recipe": "2024-07-29 15:56:28 +0000"
    },
    "done": true
  },
  "biomesoplenty:recipes/buildingblocks/tanzanite_block": {
    "criteria": {
      "has_the_recipe": "2024-07-29 15:56:28 +0000"
    },
    "done": true
  },
  "minecraft:recipes/decorations/gray_bed_from_white_bed": {
    "criteria": {
      "has_the_recipe": "2024-07-29 15:56:28 +0000"
    },
    "done": true
  },
  "minecraft:recipes/building_blocks/white_concrete_powder": {
    "criteria": {
      "has_the_recipe": "2024-07-29 15:56:27 +0000"
    },
    "done": true
  },
  "minecraft:recipes/decorations/jungle_fence": {
    "criteria": {
      "has_the_recipe": "2024-07-29 15:56:27 +0000"
    },
    "done": true
  },
  "biomesoplenty:recipes/decorations/origin_terrarium": {
    "criteria": {
      "has_the_recipe": "2024-07-29 15:56:28 +0000"
    },
    "done": true
  },
  "minecraft:recipes/tools/diamond_pickaxe": {
    "criteria": {
      "has_the_recipe": "2024-07-29 15:56:28 +0000"
    },
    "done": true
  },
  "biomesoplenty:recipes/buildingblocks/topaz_block": {
    "criteria": {
      "has_the_recipe": "2024-07-29 15:56:28 +0000"
    },
    "done": true
  },
  "minecraft:recipes/building_blocks/red_nether_brick": {
    "criteria": {
      "has_the_recipe": "2024-07-29 15:56:27 +0000"
    },
    "done": true
  },
  "minecraft:adventure/kill_all_mobs": {
    "criteria": {
      "zombie": "2024-07-29 16:00:48 +0000"
    },
    "done": false
  },
  "minecraft:recipes/misc/ender_eye": {
    "criteria": {
      "has_the_recipe": "2024-07-29 15:56:28 +0000"
    },
    "done": true
  },
  "nocubessrpsurvival:advparasitesurvivalroot": {
    "criteria": {
      "advparasitesurvivalroot": "2024-07-29 15:56:28 +0000"
    },
    "done": true
  },
  "biomesoplenty:recipes/misc/cyan_dye_from_glowflower": {
    "criteria": {
      "has_the_recipe": "2024-07-29 15:56:28 +0000"
    },
    "done": true
  },
  "minecraft:recipes/decorations/orange_bed": {
    "criteria": {
      "has_the_recipe": "2024-07-29 15:56:27 +0000"
    },
    "done": true
  },
  "biomesoplenty:recipes/buildingblocks/willow_wooden_slab": {
    "criteria": {
      "has_the_recipe": "2024-07-29 15:56:28 +0000"
    },
    "done": true
  },
  "minecraft:recipes/redstone/redstone_block": {
    "criteria": {
      "has_the_recipe": "2024-07-29 15:56:27 +0000"
    },
    "done": true
  },
  "minecraft:recipes/decorations/yellow_banner": {
    "criteria": {
      "has_the_recipe": "2024-07-29 15:56:27 +0000"
    },
    "done": true
  },
  "minecraft:recipes/decorations/pink_bed_from_white_bed": {
    "criteria": {
      "has_the_recipe": "2024-07-29 15:56:27 +0000"
    },
    "done": true
  },
  "minecraft:recipes/building_blocks/lime_stained_glass": {
    "criteria": {
      "has_the_recipe": "2024-07-29 15:56:27 +0000"
    },
    "done": true
  },
  "minecraft:recipes/decorations/pink_stained_glass_pane": {
    "criteria": {
      "has_the_recipe": "2024-07-29 15:56:27 +0000"
    },
    "done": true
  },
  "biomesoplenty:recipes/redstone/wooden_button_from_bop_wood": {
    "criteria": {
      "has_the_recipe": "2024-07-29 15:56:27 +0000"
    },
    "done": true
  },
  "minecraft:recipes/misc/light_gray_dye_from_azure_bluet": {
    "criteria": {
      "has_the_recipe": "2024-07-29 15:56:27 +0000"
    },
    "done": true
  },
  "minecraft:recipes/redstone/dark_oak_fence_gate": {
    "criteria": {
      "has_the_recipe": "2024-07-29 15:56:28 +0000"
    },
    "done": true
  },
  "minecraft:recipes/decorations/brown_bed": {
    "criteria": {
      "has_the_recipe": "2024-07-29 15:56:28 +0000"
    },
    "done": true
  },
  "biomesoplenty:recipes/misc/amber": {
    "criteria": {
      "has_the_recipe": "2024-07-29 15:56:28 +0000"
    },
    "done": true
  },
  "biomesoplenty:recipes/food/shroom_powder": {
    "criteria": {
      "has_the_recipe": "2024-07-29 15:56:28 +0000"
    },
    "done": true
  },
  "minecraft:recipes/building_blocks/green_stained_hardened_clay": {
    "criteria": {
      "has_the_recipe": "2024-07-29 15:56:28 +0000"
    },
    "done": true
  },
  "biomesoplenty:recipes/misc/amethyst": {
    "criteria": {
      "has_the_recipe": "2024-07-29 15:56:28 +0000"
    },
    "done": true
  },
  "biomesoplenty:recipes/buildingblocks/mud": {
    "criteria": {
      "has_the_recipe": "2024-07-29 15:56:28 +0000"
    },
    "done": true
  },
  "minecraft:recipes/building_blocks/gray_stained_hardened_clay": {
    "criteria": {
      "has_the_recipe": "2024-07-29 15:56:28 +0000"
    },
    "done": true
  },
  "biomesoplenty:recipes/misc/red_dye_from_rose": {
    "criteria": {
      "has_the_recipe": "2024-07-29 15:56:28 +0000"
    },
    "done": true
  },
  "minecraft:recipes/decorations/yellow_bed": {
    "criteria": {
      "has_the_recipe": "2024-07-29 15:56:27 +0000"
    },
    "done": true
  },
  "biomesoplenty:recipes/buildingblocks/mud_bricks_stairs": {
    "criteria": {
      "has_the_recipe": "2024-07-29 15:56:28 +0000"
    },
    "done": true
  },
  "biomesoplenty:recipes/buildingblocks/sapphire_block": {
    "criteria": {
      "has_the_recipe": "2024-07-29 15:56:28 +0000"
    },
    "done": true
  },
  "biomesoplenty:recipes/decorations/cactus_terrarium": {
    "criteria": {
      "has_the_recipe": "2024-07-29 15:56:28 +0000"
    },
    "done": true
  },
  "biomesoplenty:recipes/redstone/willow_door": {
    "criteria": {
      "has_the_recipe": "2024-07-29 15:56:28 +0000"
    },
    "done": true
  },
  "minecraft:recipes/building_blocks/light_blue_stained_glass": {
    "criteria": {
      "has_the_recipe": "2024-07-29 15:56:27 +0000"
    },
    "done": true
  },
  "minecraft:recipes/building_blocks/brick_block": {
    "criteria": {
      "has_the_recipe": "2024-07-29 15:56:28 +0000"
    },
    "done": true
  },
  "minecraft:recipes/building_blocks/orange_concrete_powder": {
    "criteria": {
      "has_the_recipe": "2024-07-29 15:56:27 +0000"
    },
    "done": true
  },
  "minecraft:recipes/decorations/blue_stained_glass_pane": {
    "criteria": {
      "has_the_recipe": "2024-07-29 15:56:28 +0000"
    },
    "done": true
  },
  "biomesoplenty:recipes/misc/tanzanite": {
    "criteria": {
      "has_the_recipe": "2024-07-29 15:56:28 +0000"
    },
    "done": true
  },
  "biomesoplenty:recipes/misc/blue_dye_from_bluebells": {
    "criteria": {
      "has_the_recipe": "2024-07-29 15:56:28 +0000"
    },
    "done": true
  },
  "biomesoplenty:recipes/buildingblocks/pine_wooden_slab": {
    "criteria": {
      "has_the_recipe": "2024-07-29 15:56:28 +0000"
    },
    "done": true
  },
  "minecraft:recipes/misc/cyan_dye": {
    "criteria": {
      "has_the_recipe": "2024-07-29 15:56:28 +0000"
    },
    "done": true
  },
  "minecraft:recipes/brewing/blaze_powder": {
    "criteria": {
      "has_the_recipe": "2024-07-29 15:56:28 +0000"
    },
    "done": true
  },
  "biomesoplenty:recipes/redstone/eucalyptus_door": {
    "criteria": {
      "has_the_recipe": "2024-07-29 15:56:28 +0000"
    },
    "done": true
  },
  "biomesoplenty:recipes/redstone/umbran_door": {
    "criteria": {
      "has_the_recipe": "2024-07-29 15:56:28 +0000"
    },
    "done": true
  },
  "biomesoplenty:recipes/decorations/fern_terrarium": {
    "criteria": {
      "has_the_recipe": "2024-07-29 15:56:28 +0000"
    },
    "done": true
  },
  "minecraft:recipes/decorations/purple_bed": {
    "criteria": {
      "has_the_recipe": "2024-07-29 15:56:27 +0000"
    },
    "done": true
  },
  "minecraft:recipes/building_blocks/black_wool": {
    "criteria": {
      "has_the_recipe": "2024-07-29 15:56:28 +0000"
    },
    "done": true
  },
  "biomesoplenty:recipes/misc/purple_dye_from_violet": {
    "criteria": {
      "has_the_recipe": "2024-07-29 15:56:28 +0000"
    },
    "done": true
  },
  "minecraft:recipes/combat/golden_chestplate": {
    "criteria": {
      "has_the_recipe": "2024-07-29 15:56:28 +0000"
    },
    "done": true
  },
  "biomesoplenty:recipes/redstone/eucalyptus_fence_gate": {
    "criteria": {
      "has_the_recipe": "2024-07-29 15:56:28 +0000"
    },
    "done": true
  },
  "minecraft:recipes/building_blocks/yellow_stained_hardened_clay": {
    "criteria": {
      "has_the_recipe": "2024-07-29 15:56:27 +0000"
    },
    "done": true
  },
  "minecraft:recipes/misc/magenta_dye_from_lapis_red_pink": {
    "criteria": {
      "has_the_recipe": "2024-07-29 15:56:27 +0000"
    },
    "done": true
  },
  "minecraft:recipes/brewing/glass_bottle": {
    "criteria": {
      "has_the_recipe": "2024-07-29 15:56:28 +0000"
    },
    "done": true
  },
  "biomesoplenty:recipes/transportation/boat_fir": {
    "criteria": {
      "has_the_recipe": "2024-07-29 15:56:28 +0000"
    },
    "done": true
  },
  "minecraft:recipes/decorations/light_blue_stained_glass_pane": {
    "criteria": {
      "has_the_recipe": "2024-07-29 15:56:27 +0000"
    },
    "done": true
  },
  "minecraft:recipes/misc/leather": {
    "criteria": {
      "has_the_recipe": "2024-07-29 15:56:27 +0000"
    },
    "done": true
  },
  "minecraft:recipes/misc/light_gray_dye_from_gray_bonemeal": {
    "criteria": {
      "has_the_recipe": "2024-07-29 15:56:27 +0000"
    },
    "done": true
  },
  "biomesoplenty:recipes/buildingblocks/umbran_planks": {
    "criteria": {
      "has_the_recipe": "2024-07-29 15:56:28 +0000"
    },
    "done": true
  },
  "biomesoplenty:recipes/buildingblocks/flesh_block": {
    "criteria": {
      "has_the_recipe": "2024-07-29 15:56:28 +0000"
    },
    "done": true
  },
  "minecraft:recipes/decorations/light_gray_bed": {
    "criteria": {
      "has_the_recipe": "2024-07-29 15:56:27 +0000"
    },
    "done": true
  },
  "minecraft:recipes/building_blocks/iron_block": {
    "criteria": {
      "has_the_recipe": "2024-07-29 15:56:27 +0000"
    },
    "done": true
  },
  "minecraft:recipes/building_blocks/quartz_slab": {
    "criteria": {
      "has_the_recipe": "2024-07-29 15:56:27 +0000"
    },
    "done": true
  },
  "biomesoplenty:recipes/transportation/boat_sacred_oak": {
    "criteria": {
      "has_the_recipe": "2024-07-29 15:56:28 +0000"
    },
    "done": true
  },
  "biomesoplenty:recipes/buildingblocks/mangrove_planks": {
    "criteria": {
      "has_the_recipe": "2024-07-29 15:56:28 +0000"
    },
    "done": true
  },
  "biomesoplenty:recipes/buildingblocks/ethereal_planks": {
    "criteria": {
      "has_the_recipe": "2024-07-29 15:56:28 +0000"
    },
    "done": true
  },
  "minecraft:recipes/misc/red_dye_from_poppy": {
    "criteria": {
      "has_the_recipe": "2024-07-29 15:56:27 +0000"
    },
    "done": true
  },
  "minecraft:recipes/redstone/wooden_pressure_plate": {
    "criteria": {
      "has_the_recipe": "2024-07-29 15:56:27 +0000"
    },
    "done": true
  },
  "minecraft:recipes/misc/yellow_dye_from_dandelion": {
    "criteria": {
      "has_the_recipe": "2024-07-29 15:56:27 +0000"
    },
    "done": true
  },
  "minecraft:recipes/building_blocks/clay": {
    "criteria": {
      "has_the_recipe": "2024-07-29 15:56:28 +0000"
    },
    "done": true
  },
  "biomesoplenty:recipes/buildingblocks/coarse_loamy_dirt": {
    "criteria": {
      "has_the_recipe": "2024-07-29 15:56:28 +0000"
    },
    "done": true
  },
  "minecraft:recipes/building_blocks/green_stained_glass": {
    "criteria": {
      "has_the_recipe": "2024-07-29 15:56:28 +0000"
    },
    "done": true
  },
  "biomesoplenty:recipes/redstone/wooden_pressure_plate_from_bop_wood": {
    "criteria": {
      "has_the_recipe": "2024-07-29 15:56:27 +0000"
    },
    "done": true
  },
  "minecraft:recipes/building_blocks/light_blue_wool": {
    "criteria": {
      "has_the_recipe": "2024-07-29 15:56:27 +0000"
    },
    "done": true
  },
  "minecraft:recipes/redstone/wooden_button": {
    "criteria": {
      "has_the_recipe": "2024-07-29 15:56:27 +0000"
    },
    "done": true
  },
  "minecraft:recipes/combat/wooden_sword": {
    "criteria": {
      "has_the_recipe": "2024-07-29 15:56:27 +0000"
    },
    "done": true
  },
  "minecraft:recipes/decorations/gray_banner": {
    "criteria": {
      "has_the_recipe": "2024-07-29 15:56:28 +0000"
    },
    "done": true
  },
  "minecraft:recipes/building_blocks/oak_planks": {
    "criteria": {
      "has_the_recipe": "2024-07-29 15:56:27 +0000"
    },
    "done": true
  },
  "biomesoplenty:recipes/transportation/boat_cherry": {
    "criteria": {
      "has_the_recipe": "2024-07-29 15:56:28 +0000"
    },
    "done": true
  },
  "minecraft:recipes/decorations/light_gray_banner": {
    "criteria": {
      "has_the_recipe": "2024-07-29 15:56:27 +0000"
    },
    "done": true
  },
  "minecraft:recipes/decorations/light_blue_carpet": {
    "criteria": {
      "has_the_recipe": "2024-07-29 15:56:27 +0000"
    },
    "done": true
  },
  "minecraft:recipes/building_blocks/gray_concrete_powder": {
    "criteria": {
      "has_the_recipe": "2024-07-29 15:56:28 +0000"
    },
    "done": true
  },
  "biomesoplenty:recipes/misc/sapphire": {
    "criteria": {
      "has_the_recipe": "2024-07-29 15:56:28 +0000"
    },
    "done": true
  },
  "biomesoplenty:recipes/buildingblocks/malachite_block": {
    "criteria": {
      "has_the_recipe": "2024-07-29 15:56:28 +0000"
    },
    "done": true
  },
  "minecraft:recipes/transportation/golden_rail": {
    "criteria": {
      "has_the_recipe": "2024-07-29 15:56:28 +0000"
    },
    "done": true
  },
  "minecraft:recipes/decorations/cyan_banner": {
    "criteria": {
      "has_the_recipe": "2024-07-29 15:56:28 +0000"
    },
    "done": true
  },
  "minecraft:recipes/building_blocks/bookshelf": {
    "criteria": {
      "has_the_recipe": "2024-07-29 15:56:28 +0000"
    },
    "done": true
  },
  "minecraft:recipes/tools/golden_axe": {
    "criteria": {
      "has_the_recipe": "2024-07-29 15:56:28 +0000"
    },
    "done": true
  },
  "minecraft:recipes/decorations/fence": {
    "criteria": {
      "has_the_recipe": "2024-07-29 15:56:28 +0000"
    },
    "done": true
  },
  "minecraft:recipes/tools/iron_axe": {
    "criteria": {
      "has_the_recipe": "2024-07-29 15:56:27 +0000"
    },
    "done": true
  },
  "minecraft:recipes/building_blocks/glowstone": {
    "criteria": {
      "has_the_recipe": "2024-07-29 15:56:28 +0000"
    },
    "done": true
  },
  "minecraft:recipes/building_blocks/sea_lantern": {
    "criteria": {
      "has_the_recipe": "2024-07-29 15:56:27 +0000"
    },
    "done": true
  },
  "minecraft:recipes/building_blocks/jungle_planks": {
    "criteria": {
      "has_the_recipe": "2024-07-29 15:56:27 +0000"
    },
    "done": true
  },
  "minecraft:recipes/decorations/black_banner": {
    "criteria": {
      "has_the_recipe": "2024-07-29 15:56:28 +0000"
    },
    "done": true
  },
  "biomesoplenty:recipes/buildingblocks/ruby_block": {
    "criteria": {
      "has_the_recipe": "2024-07-29 15:56:28 +0000"
    },
    "done": true
  },
  "minecraft:recipes/decorations/red_banner": {
    "criteria": {
      "has_the_recipe": "2024-07-29 15:56:27 +0000"
    },
    "done": true
  },
  "minecraft:recipes/decorations/gray_carpet": {
    "criteria": {
      "has_the_recipe": "2024-07-29 15:56:28 +0000"
    },
    "done": true
  },
  "minecraft:recipes/redstone/tripwire_hook": {
    "criteria": {
      "has_the_recipe": "2024-07-29 15:56:27 +0000"
    },
    "done": true
  },
  "minecraft:recipes/building_blocks/dark_oak_wooden_slab": {
    "criteria": {
      "has_the_recipe": "2024-07-29 15:56:28 +0000"
    },
    "done": true
  },
  "minecraft:recipes/combat/iron_boots": {
    "criteria": {
      "has_the_recipe": "2024-07-29 15:56:27 +0000"
    },
    "done": true
  },
  "minecraft:recipes/building_blocks/chiseled_quartz_block": {
    "criteria": {
      "has_the_recipe": "2024-07-29 15:56:28 +0000"
    },
    "done": true
  },
  "minecraft:recipes/building_blocks/blue_stained_hardened_clay": {
    "criteria": {
      "has_the_recipe": "2024-07-29 15:56:28 +0000"
    },
    "done": true
  },
  "minecraft:recipes/building_blocks/birch_planks": {
    "criteria": {
      "has_the_recipe": "2024-07-29 15:56:28 +0000"
    },
    "done": true
  },
  "minecraft:recipes/misc/bone_meal_from_bone": {
    "criteria": {
      "has_the_recipe": "2024-07-29 15:56:28 +0000"
    },
    "done": true
  },
  "biomesoplenty:recipes/decorations/palm_fence": {
    "criteria": {
      "has_the_recipe": "2024-07-29 15:56:28 +0000"
    },
    "done": true
  },
  "minecraft:recipes/building_blocks/black_concrete_powder": {
    "criteria": {
      "has_the_recipe": "2024-07-29 15:56:28 +0000"
    },
    "done": true
  },
  "minecraft:recipes/decorations/orange_banner": {
    "criteria": {
      "has_the_recipe": "2024-07-29 15:56:27 +0000"
    },
    "done": true
  },
  "biomesoplenty:recipes/transportation/boat_hellbark": {
    "criteria": {
      "has_the_recipe": "2024-07-29 15:56:28 +0000"
    },
    "done": true
  },
  "biomesoplenty:recipes/redstone/magic_fence_gate": {
    "criteria": {
      "has_the_recipe": "2024-07-29 15:56:28 +0000"
    },
    "done": true
  },
  "minecraft:recipes/building_blocks/spruce_wooden_slab": {
    "criteria": {
      "has_the_recipe": "2024-07-29 15:56:27 +0000"
    },
    "done": true
  },
  "minecraft:recipes/redstone/birch_fence_gate": {
    "criteria": {
      "has_the_recipe": "2024-07-29 15:56:28 +0000"
    },
    "done": true
  },
  "minecraft:recipes/redstone/stone_button": {
    "criteria": {
      "has_the_recipe": "2024-07-29 15:56:27 +0000"
    },
    "done": true
  },
  "minecraft:recipes/combat/iron_chestplate": {
    "criteria": {
      "has_the_recipe": "2024-07-29 15:56:27 +0000"
    },
    "done": true
  },
  "biomesoplenty:recipes/misc/ruby": {
    "criteria": {
      "has_the_recipe": "2024-07-29 15:56:28 +0000"
    },
    "done": true
  },
  "minecraft:recipes/building_blocks/yellow_wool": {
    "criteria": {
      "has_the_recipe": "2024-07-29 15:56:27 +0000"
    },
    "done": true
  },
  "minecraft:recipes/building_blocks/prismarine_bricks": {
    "criteria": {
      "has_the_recipe": "2024-07-29 15:56:27 +0000"
    },
    "done": true
  },
  "minecraft:recipes/redstone/noteblock": {
    "criteria": {
      "has_the_recipe": "2024-07-29 15:56:27 +0000"
    },
    "done": true
  },
  "minecraft:recipes/decorations/light_blue_bed_from_white_bed": {
    "criteria": {
      "has_the_recipe": "2024-07-29 15:56:27 +0000"
    },
    "done": true
  },
  "minecraft:recipes/building_blocks/red_concrete_powder": {
    "criteria": {
      "has_the_recipe": "2024-07-29 15:56:27 +0000"
    },
    "done": true
  },
  "minecraft:adventure/kill_a_mob": {
    "criteria": {
      "zombie": "2024-07-29 16:00:48 +0000"
    },
    "done": true
  },
  "biomesoplenty:recipes/buildingblocks/coarse_sandy_dirt": {
    "criteria": {
      "has_the_recipe": "2024-07-29 15:56:28 +0000"
    },
    "done": true
  },
  "minecraft:recipes/tools/golden_pickaxe": {
    "criteria": {
      "has_the_recipe": "2024-07-29 15:56:28 +0000"
    },
    "done": true
  },
  "minecraft:recipes/redstone/sticky_piston": {
    "criteria": {
      "has_the_recipe": "2024-07-29 15:56:27 +0000"
    },
    "done": true
  },
  "minecraft:recipes/brewing/magma_cream": {
    "criteria": {
      "has_the_recipe": "2024-07-29 15:56:27 +0000"
    },
    "done": true
  },
  "minecraft:recipes/decorations/green_carpet": {
    "criteria": {
      "has_the_recipe": "2024-07-29 15:56:28 +0000"
    },
    "done": true
  },
  "biomesoplenty:recipes/buildingblocks/jacaranda_planks": {
    "criteria": {
      "has_the_recipe": "2024-07-29 15:56:28 +0000"
    },
    "done": true
  },
  "minecraft:recipes/misc/gray_dye": {
    "criteria": {
      "has_the_recipe": "2024-07-29 15:56:28 +0000"
    },
    "done": true
  },
  "minecraft:adventure/adventuring_time": {
    "criteria": {
      "forest": "2024-07-29 15:56:28 +0000",
      "forest_hills": "2024-07-29 15:58:50 +0000"
    },
    "done": false
  },
  "minecraft:recipes/misc/book": {
    "criteria": {
      "has_the_recipe": "2024-07-29 15:56:28 +0000"
    },
    "done": true
  },
  "minecraft:recipes/decorations/purple_bed_from_white_bed": {
    "criteria": {
      "has_the_recipe": "2024-07-29 15:56:27 +0000"
    },
    "done": true
  },
  "minecraft:recipes/building_blocks/birch_wooden_slab": {
    "criteria": {
      "has_the_recipe": "2024-07-29 15:56:28 +0000"
    },
    "done": true
  },
  "minecraft:recipes/building_blocks/purpur_slab": {
    "criteria": {
      "has_the_recipe": "2024-07-29 15:56:27 +0000"
    },
    "done": true
  },
  "biomesoplenty:recipes/decorations/jacaranda_fence": {
    "criteria": {
      "has_the_recipe": "2024-07-29 15:56:28 +0000"
    },
    "done": true
  },
  "minecraft:recipes/combat/stone_sword": {
    "criteria": {
      "has_the_recipe": "2024-07-29 15:56:27 +0000"
    },
    "done": true
  },
  "nocubessrpnests:advsrpnestsaddonroot": {
    "criteria": {
      "advsrpnestsaddonroot": "2024-07-29 15:56:28 +0000"
    },
    "done": true
  },
  "minecraft:recipes/decorations/light_gray_carpet": {
    "criteria": {
      "has_the_recipe": "2024-07-29 15:56:27 +0000"
    },
    "done": true
  },
  "minecraft:recipes/decorations/cobblestone_wall": {
    "criteria": {
      "has_the_recipe": "2024-07-29 15:56:28 +0000"
    },
    "done": true
  },
  "minecraft:recipes/decorations/magenta_banner": {
    "criteria": {
      "has_the_recipe": "2024-07-29 15:56:27 +0000"
    },
    "done": true
  },
  "minecraft:recipes/decorations/light_blue_banner": {
    "criteria": {
      "has_the_recipe": "2024-07-29 15:56:27 +0000"
    },
    "done": true
  },
  "biomesoplenty:recipes/buildingblocks/redwood_stairs": {
    "criteria": {
      "has_the_recipe": "2024-07-29 15:56:28 +0000"
    },
    "done": true
  },
  "minecraft:recipes/brewing/fermented_spider_eye": {
    "criteria": {
      "has_the_recipe": "2024-07-29 15:56:28 +0000"
    },
    "done": true
  },
  "minecraft:recipes/decorations/purple_carpet": {
    "criteria": {
      "has_the_recipe": "2024-07-29 15:56:27 +0000"
    },
    "done": true
  },
  "minecraft:recipes/tools/stone_pickaxe": {
    "criteria": {
      "has_the_recipe": "2024-07-29 15:56:27 +0000"
    },
    "done": true
  },
  "biomesoplenty:recipes/buildingblocks/chiseled_white_sandstone": {
    "criteria": {
      "has_the_recipe": "2024-07-29 15:56:28 +0000"
    },
    "done": true
  },
  "minecraft:recipes/building_blocks/orange_stained_hardened_clay": {
    "criteria": {
      "has_the_recipe": "2024-07-29 15:56:27 +0000"
    },
    "done": true
  },
  "minecraft:recipes/building_blocks/brown_stained_glass": {
    "criteria": {
      "has_the_recipe": "2024-07-29 15:56:28 +0000"
    },
    "done": true
  },
  "minecraft:recipes/redstone/stone_pressure_plate": {
    "criteria": {
      "has_the_recipe": "2024-07-29 15:56:27 +0000"
    },
    "done": true
  },
  "minecraft:recipes/transportation/boat": {
    "criteria": {
      "has_the_recipe": "2024-07-29 15:56:28 +0000"
    },
    "done": true
  },
  "minecraft:recipes/misc/purple_dye": {
    "criteria": {
      "has_the_recipe": "2024-07-29 15:56:27 +0000"
    },
    "done": true
  },
  "minecraft:recipes/combat/leather_boots": {
    "criteria": {
      "has_the_recipe": "2024-07-29 15:56:27 +0000"
    },
    "done": true
  },
  "minecraft:recipes/misc/red_dye_from_tulip": {
    "criteria": {
      "has_the_recipe": "2024-07-29 15:56:27 +0000"
    },
    "done": true
  },
  "biomesoplenty:recipes/buildingblocks/hellbark_stairs": {
    "criteria": {
      "has_the_recipe": "2024-07-29 15:56:28 +0000"
    },
    "done": true
  },
  "minecraft:recipes/building_blocks/brown_stained_hardened_clay": {
    "criteria": {
      "has_the_recipe": "2024-07-29 15:56:28 +0000"
    },
    "done": true
  },
  "biomesoplenty:recipes/buildingblocks/eucalyptus_stairs": {
    "criteria": {
      "has_the_recipe": "2024-07-29 15:56:28 +0000"
    },
    "done": true
  },
  "minecraft:recipes/misc/orange_dye_from_orange_tulip": {
    "criteria": {
      "has_the_recipe": "2024-07-29 15:56:27 +0000"
    },
    "done": true
  },
  "minecraft:recipes/decorations/brown_carpet": {
    "criteria": {
      "has_the_recipe": "2024-07-29 15:56:28 +0000"
    },
    "done": true
  },
  "minecraft:recipes/building_blocks/light_gray_stained_glass": {
    "criteria": {
      "has_the_recipe": "2024-07-29 15:56:27 +0000"
    },
    "done": true
  },
  "minecraft:recipes/building_blocks/diamond_block": {
    "criteria": {
      "has_the_recipe": "2024-07-29 15:56:28 +0000"
    },
    "done": true
  },
  "biomesoplenty:recipes/redstone/ebony_door": {
    "criteria": {
      "has_the_recipe": "2024-07-29 15:56:28 +0000"
    },
    "done": true
  },
  "biomesoplenty:recipes/decorations/ebony_fence": {
    "criteria": {
      "has_the_recipe": "2024-07-29 15:56:28 +0000"
    },
    "done": true
  },
  "biomesoplenty:recipes/redstone/cherry_fence_gate": {
    "criteria": {
      "has_the_recipe": "2024-07-29 15:56:28 +0000"
    },
    "done": true
  },
  "minecraft:recipes/decorations/red_stained_glass_pane": {
    "criteria": {
      "has_the_recipe": "2024-07-29 15:56:27 +0000"
    },
    "done": true
  },
  "minecraft:recipes/decorations/purple_shulker_box": {
    "criteria": {
      "has_the_recipe": "2024-07-29 15:56:27 +0000"
    },
    "done": true
  },
  "minecraft:recipes/decorations/flower_pot": {
    "criteria": {
      "has_the_recipe": "2024-07-29 15:56:28 +0000"
    },
    "done": true
  },
  "minecraft:recipes/building_blocks/lapis_block": {
    "criteria": {
      "has_the_recipe": "2024-07-29 15:56:27 +0000"
    },
    "done": true
  },
  "minecraft:recipes/decorations/yellow_carpet": {
    "criteria": {
      "has_the_recipe": "2024-07-29 15:56:27 +0000"
    },
    "done": true
  },
  "biomesoplenty:recipes/misc/sand_from_dried_sand": {
    "criteria": {
      "has_the_recipe": "2024-07-29 15:56:28 +0000"
    },
    "done": true
  },
  "minecraft:recipes/building_blocks/brick_slab": {
    "criteria": {
      "has_the_recipe": "2024-07-29 15:56:28 +0000"
    },
    "done": true
  },
  "biomesoplenty:recipes/misc/brown_dye_from_flat_mushroom": {
    "criteria": {
      "has_the_recipe": "2024-07-29 15:56:28 +0000"
    },
    "done": true
  },
  "minecraft:recipes/transportation/tnt_minecart": {
    "criteria": {
      "has_the_recipe": "2024-07-29 15:56:27 +0000"
    },
    "done": true
  },
  "minecraft:recipes/building_blocks/melon_block": {
    "criteria": {
      "has_the_recipe": "2024-07-29 15:56:27 +0000"
    },
    "done": true
  },
  "biomesoplenty:recipes/redstone/sacred_oak_fence_gate": {
    "criteria": {
      "has_the_recipe": "2024-07-29 15:56:28 +0000"
    },
    "done": true
  },
  "biomesoplenty:recipes/misc/mud_from_dirt": {
    "criteria": {
      "has_the_recipe": "2024-07-29 15:56:28 +0000"
    },
    "done": true
  },
  "biomesoplenty:recipes/buildingblocks/palm_stairs": {
    "criteria": {
      "has_the_recipe": "2024-07-29 15:56:28 +0000"
    },
    "done": true
  },
  "minecraft:recipes/building_blocks/prismarine": {
    "criteria": {
      "has_the_recipe": "2024-07-29 15:56:27 +0000"
    },
    "done": true
  },
  "minecraft:recipes/food/cookie": {
    "criteria": {
      "has_the_recipe": "2024-07-29 15:56:28 +0000"
    },
    "done": true
  },
  "minecraft:recipes/misc/diamond": {
    "criteria": {
      "has_the_recipe": "2024-07-29 15:56:28 +0000"
    },
    "done": true
  },
  "biomesoplenty:recipes/redstone/umbran_fence_gate": {
    "criteria": {
      "has_the_recipe": "2024-07-29 15:56:28 +0000"
    },
    "done": true
  },
  "minecraft:recipes/misc/bone_meal_from_block": {
    "criteria": {
      "has_the_recipe": "2024-07-29 15:56:28 +0000"
    },
    "done": true
  },
  "minecraft:recipes/building_blocks/polished_diorite": {
    "criteria": {
      "has_the_recipe": "2024-07-29 15:56:27 +0000"
    },
    "done": true
  },
  "biomesoplenty:recipes/buildingblocks/pine_stairs": {
    "criteria": {
      "has_the_recipe": "2024-07-29 15:56:28 +0000"
    },
    "done": true
  },
  "minecraft:recipes/building_blocks/light_gray_wool": {
    "criteria": {
      "has_the_recipe": "2024-07-29 15:56:27 +0000"
    },
    "done": true
  },
  "minecraft:recipes/building_blocks/purple_stained_hardened_clay": {
    "criteria": {
      "has_the_recipe": "2024-07-29 15:56:27 +0000"
    },
    "done": true
  },
  "minecraft:recipes/decorations/red_bed_from_white_bed": {
    "criteria": {
      "has_the_recipe": "2024-07-29 15:56:27 +0000"
    },
    "done": true
  },
  "minecraft:recipes/building_blocks/red_wool": {
    "criteria": {
      "has_the_recipe": "2024-07-29 15:56:27 +0000"
    },
    "done": true
  },
  "minecraft:recipes/misc/light_gray_dye_from_oxeye_daisy": {
    "criteria": {
      "has_the_recipe": "2024-07-29 15:56:27 +0000"
    },
    "done": true
  },
  "minecraft:recipes/building_blocks/acacia_stairs": {
    "criteria": {
      "has_the_recipe": "2024-07-29 15:56:28 +0000"
    },
    "done": true
  },
  "biomesoplenty:recipes/buildingblocks/willow_stairs": {
    "criteria": {
      "has_the_recipe": "2024-07-29 15:56:28 +0000"
    },
    "done": true
  },
  "minecraft:recipes/misc/orange_dye_from_red_yellow": {
    "criteria": {
      "has_the_recipe": "2024-07-29 15:56:27 +0000"
    },
    "done": true
  },
  "biomesoplenty:recipes/redstone/mahogany_door": {
    "criteria": {
      "has_the_recipe": "2024-07-29 15:56:28 +0000"
    },
    "done": true
  },
  "biomesoplenty:recipes/buildingblocks/ebony_planks": {
    "criteria": {
      "has_the_recipe": "2024-07-29 15:56:28 +0000"
    },
    "done": true
  },
  "biomesoplenty:recipes/misc/red_dye_from_rafflesia": {
    "criteria": {
      "has_the_recipe": "2024-07-29 15:56:28 +0000"
    },
    "done": true
  },
  "minecraft:recipes/tools/stone_axe": {
    "criteria": {
      "has_the_recipe": "2024-07-29 15:56:27 +0000"
    },
    "done": true
  },
  "minecraft:recipes/misc/fire_charge": {
    "criteria": {
      "has_the_recipe": "2024-07-29 15:56:28 +0000"
    },
    "done": true
  },
  "minecraft:recipes/decorations/blue_banner": {
    "criteria": {
      "has_the_recipe": "2024-07-29 15:56:28 +0000"
    },
    "done": true
  },
  "biomesoplenty:recipes/buildingblocks/white_sandstone_slab": {
    "criteria": {
      "has_the_recipe": "2024-07-29 15:56:28 +0000"
    },
    "done": true
  },
  "minecraft:recipes/decorations/slime": {
    "criteria": {
      "has_the_recipe": "2024-07-29 15:56:27 +0000"
    },
    "done": true
  },
  "minecraft:recipes/building_blocks/purple_wool": {
    "criteria": {
      "has_the_recipe": "2024-07-29 15:56:27 +0000"
    },
    "done": true
  },
  "minecraft:recipes/food/rabbit_stew_from_brown_mushroom": {
    "criteria": {
      "has_the_recipe": "2024-07-29 15:56:27 +0000"
    },
    "done": true
  },
  "biomesoplenty:recipes/decorations/cherry_fence": {
    "criteria": {
      "has_the_recipe": "2024-07-29 15:56:28 +0000"
    },
    "done": true
  },
  "minecraft:recipes/decorations/blue_bed": {
    "criteria": {
      "has_the_recipe": "2024-07-29 15:56:28 +0000"
    },
    "done": true
  },
  "minecraft:recipes/building_blocks/magenta_concrete_powder": {
    "criteria": {
      "has_the_recipe": "2024-07-29 15:56:27 +0000"
    },
    "done": true
  },
  "biomesoplenty:recipes/buildingblocks/coarse_silty_dirt": {
    "criteria": {
      "has_the_recipe": "2024-07-29 15:56:28 +0000"
    },
    "done": true
  },
  "minecraft:recipes/building_blocks/pillar_quartz_block": {
    "criteria": {
      "has_the_recipe": "2024-07-29 15:56:27 +0000"
    },
    "done": true
  },
  "minecraft:recipes/decorations/lime_carpet": {
    "criteria": {
      "has_the_recipe": "2024-07-29 15:56:27 +0000"
    },
    "done": true
  },
  "minecraft:recipes/decorations/green_bed": {
    "criteria": {
      "has_the_recipe": "2024-07-29 15:56:28 +0000"
    },
    "done": true
  },
  "minecraft:recipes/misc/writable_book": {
    "criteria": {
      "has_the_recipe": "2024-07-29 15:56:27 +0000"
    },
    "done": true
  },
  "minecraft:recipes/building_blocks/oak_wooden_slab": {
    "criteria": {
      "has_the_recipe": "2024-07-29 15:56:27 +0000"
    },
    "done": true
  },
  "minecraft:recipes/misc/wheat": {
    "criteria": {
      "has_the_recipe": "2024-07-29 15:56:27 +0000"
    },
    "done": true
  },
  "minecraft:recipes/decorations/white_bed": {
    "criteria": {
      "has_the_recipe": "2024-07-29 15:56:27 +0000"
    },
    "done": true
  },
  "minecraft:recipes/decorations/lime_banner": {
    "criteria": {
      "has_the_recipe": "2024-07-29 15:56:27 +0000"
    },
    "done": true
  },
  "minecraft:recipes/transportation/furnace_minecart": {
    "criteria": {
      "has_the_recipe": "2024-07-29 15:56:28 +0000"
    },
    "done": true
  },
  "biomesoplenty:recipes/decorations/sign_from_bop_wood": {
    "criteria": {
      "has_the_recipe": "2024-07-29 15:56:27 +0000"
    },
    "done": true
  },
  "minecraft:recipes/decorations/magenta_bed": {
    "criteria": {
      "has_the_recipe": "2024-07-29 15:56:27 +0000"
    },
    "done": true
  },
  "minecraft:recipes/food/rabbit_stew_from_red_mushroom": {
    "criteria": {
      "has_the_recipe": "2024-07-29 15:56:27 +0000"
    },
    "done": true
  },
  "minecraft:recipes/building_blocks/dark_prismarine": {
    "criteria": {
      "has_the_recipe": "2024-07-29 15:56:28 +0000"
    },
    "done": true
  },
  "minecraft:recipes/redstone/redstone": {
    "criteria": {
      "has_the_recipe": "2024-07-29 15:56:27 +0000"
    },
    "done": true
  },
  "minecraft:recipes/tools/golden_hoe": {
    "criteria": {
      "has_the_recipe": "2024-07-29 15:56:28 +0000"
    },
    "done": true
  },
  "minecraft:recipes/food/bread": {
    "criteria": {
      "has_the_recipe": "2024-07-29 15:56:28 +0000"
    },
    "done": true
  },
  "minecraft:recipes/decorations/lime_stained_glass_pane": {
    "criteria": {
      "has_the_recipe": "2024-07-29 15:56:27 +0000"
    },
    "done": true
  },
  "minecraft:recipes/misc/iron_nugget": {
    "criteria": {
      "has_the_recipe": "2024-07-29 15:56:27 +0000"
    },
    "done": true
  },
  "minecraft:recipes/transportation/hopper_minecart": {
    "criteria": {
      "has_the_recipe": "2024-07-29 15:56:27 +0000"
    },
    "done": true
  },
  "minecraft:recipes/building_blocks/brown_concrete_powder": {
    "criteria": {
      "has_the_recipe": "2024-07-29 15:56:28 +0000"
    },
    "done": true
  },
  "biomesoplenty:recipes/buildingblocks/amber_block": {
    "criteria": {
      "has_the_recipe": "2024-07-29 15:56:28 +0000"
    },
    "done": true
  },
  "minecraft:recipes/decorations/black_bed_from_white_bed": {
    "criteria": {
      "has_the_recipe": "2024-07-29 15:56:28 +0000"
    },
    "done": true
  },
  "biomesoplenty:recipes/buildingblocks/mahogany_wooden_slab": {
    "criteria": {
      "has_the_recipe": "2024-07-29 15:56:28 +0000"
    },
    "done": true
  },
  "minecraft:recipes/decorations/pink_carpet": {
    "criteria": {
      "has_the_recipe": "2024-07-29 15:56:27 +0000"
    },
    "done": true
  },
  "biomesoplenty:recipes/buildingblocks/eucalyptus_wooden_slab": {
    "criteria": {
      "has_the_recipe": "2024-07-29 15:56:28 +0000"
    },
    "done": true
  },
  "minecraft:recipes/decorations/cyan_stained_glass_pane": {
    "criteria": {
      "has_the_recipe": "2024-07-29 15:56:28 +0000"
    },
    "done": true
  },
  "minecraft:recipes/combat/diamond_sword": {
    "criteria": {
      "has_the_recipe": "2024-07-29 15:56:28 +0000"
    },
    "done": true
  },
  "minecraft:recipes/building_blocks/blue_stained_glass": {
    "criteria": {
      "has_the_recipe": "2024-07-29 15:56:28 +0000"
    },
    "done": true
  },
  "biomesoplenty:recipes/redstone/mangrove_fence_gate": {
    "criteria": {
      "has_the_recipe": "2024-07-29 15:56:28 +0000"
    },
    "done": true
  },
  "minecraft:recipes/building_blocks/cyan_wool": {
    "criteria": {
      "has_the_recipe": "2024-07-29 15:56:28 +0000"
    },
    "done": true
  },
  "minecraft:recipes/decorations/sign": {
    "criteria": {
      "has_the_recipe": "2024-07-29 15:56:27 +0000"
    },
    "done": true
  },
  "minecraft:recipes/decorations/jukebox": {
    "criteria": {
      "has_the_recipe": "2024-07-29 15:56:27 +0000"
    },
    "done": true
  },
  "minecraft:recipes/transportation/spruce_boat": {
    "criteria": {
      "has_the_recipe": "2024-07-29 15:56:27 +0000"
    },
    "done": true
  },
  "minecraft:recipes/building_blocks/diorite": {
    "criteria": {
      "has_the_recipe": "2024-07-29 15:56:28 +0000"
    },
    "done": true
  },
  "minecraft:recipes/tools/flint_and_steel": {
    "criteria": {
      "has_the_recipe": "2024-07-29 15:56:28 +0000"
    },
    "done": true
  },
  "minecraft:recipes/misc/red_dye_from_beetroot": {
    "criteria": {
      "has_the_recipe": "2024-07-29 15:56:27 +0000"
    },
    "done": true
  },
  "biomesoplenty:recipes/buildingblocks/sacred_oak_planks": {
    "criteria": {
      "has_the_recipe": "2024-07-29 15:56:28 +0000"
    },
    "done": true
  },
  "biomesoplenty:recipes/redstone/jacaranda_door": {
    "criteria": {
      "has_the_recipe": "2024-07-29 15:56:28 +0000"
    },
    "done": true
  },
  "biomesoplenty:recipes/buildingblocks/magic_stairs": {
    "criteria": {
      "has_the_recipe": "2024-07-29 15:56:28 +0000"
    },
    "done": true
  },
  "biomesoplenty:recipes/buildingblocks/palm_wooden_slab": {
    "criteria": {
      "has_the_recipe": "2024-07-29 15:56:28 +0000"
    },
    "done": true
  },
  "minecraft:recipes/food/mushroom_stew": {
    "criteria": {
      "has_the_recipe": "2024-07-29 15:56:27 +0000"
    },
    "done": true
  },
  "biomesoplenty:recipes/misc/pink_dye_from_pink_hibiscus": {
    "criteria": {
      "has_the_recipe": "2024-07-29 15:56:28 +0000"
    },
    "done": true
  },
  "minecraft:recipes/building_blocks/gray_wool": {
    "criteria": {
      "has_the_recipe": "2024-07-29 15:56:28 +0000"
    },
    "done": true
  },
  "minecraft:recipes/misc/gold_nugget": {
    "criteria": {
      "has_the_recipe": "2024-07-29 15:56:28 +0000"
    },
    "done": true
  },
  "biomesoplenty:recipes/misc/red_dye_from_bromeliad": {
    "criteria": {
      "has_the_recipe": "2024-07-29 15:56:28 +0000"
    },
    "done": true
  },
  "minecraft:husbandry/balanced_diet": {
    "criteria": {
      "apple": "2024-07-29 16:00:53 +0000"
    },
    "done": false
  },
  "minecraft:recipes/tools/wooden_hoe": {
    "criteria": {
      "has_the_recipe": "2024-07-29 15:56:27 +0000"
    },
    "done": true
  },
  "biomesoplenty:recipes/buildingblocks/smooth_white_sandstone": {
    "criteria": {
      "has_the_recipe": "2024-07-29 15:56:28 +0000"
    },
    "done": true
  },
  "minecraft:recipes/misc/bucket": {
    "criteria": {
      "has_the_recipe": "2024-07-29 15:56:28 +0000"
    },
    "done": true
  },
  "minecraft:recipes/decorations/yellow_bed_from_white_bed": {
    "criteria": {
      "has_the_recipe": "2024-07-29 15:56:27 +0000"
    },
    "done": true
  },
  "biomesoplenty:recipes/decorations/magic_fence": {
    "criteria": {
      "has_the_recipe": "2024-07-29 15:56:28 +0000"
    },
    "done": true
  },
  "biomesoplenty:recipes/decorations/fir_fence": {
    "criteria": {
      "has_the_recipe": "2024-07-29 15:56:28 +0000"
    },
    "done": true
  },
  "minecraft:recipes/decorations/orange_stained_glass_pane": {
    "criteria": {
      "has_the_recipe": "2024-07-29 15:56:27 +0000"
    },
    "done": true
  },
  "biomesoplenty:recipes/buildingblocks/sacred_oak_wooden_slab": {
    "criteria": {
      "has_the_recipe": "2024-07-29 15:56:28 +0000"
    },
    "done": true
  },
  "biomesoplenty:recipes/redstone/pine_door": {
    "criteria": {
      "has_the_recipe": "2024-07-29 15:56:28 +0000"
    },
    "done": true
  },
  "minecraft:recipes/decorations/white_banner": {
    "criteria": {
      "has_the_recipe": "2024-07-29 15:56:27 +0000"
    },
    "done": true
  },
  "minecraft:recipes/building_blocks/light_blue_concrete_powder": {
    "criteria": {
      "has_the_recipe": "2024-07-29 15:56:27 +0000"
    },
    "done": true
  },
  "minecraft:recipes/decorations/pink_banner": {
    "criteria": {
      "has_the_recipe": "2024-07-29 15:56:27 +0000"
    },
    "done": true
  },
  "biomesoplenty:recipes/redstone/hellbark_fence_gate": {
    "criteria": {
      "has_the_recipe": "2024-07-29 15:56:28 +0000"
    },
    "done": true
  },
  "minecraft:recipes/decorations/mossy_cobblestone_wall": {
    "criteria": {
      "has_the_recipe": "2024-07-29 15:56:27 +0000"
    },
    "done": true
  },
  "biomesoplenty:recipes/transportation/boat_eucalyptus": {
    "criteria": {
      "has_the_recipe": "2024-07-29 15:56:28 +0000"
    },
    "done": true
  },
  "biomesoplenty:recipes/misc/pink_dye_from_pink_daffodil": {
    "criteria": {
      "has_the_recipe": "2024-07-29 15:56:28 +0000"
    },
    "done": true
  },
  "biomesoplenty:recipes/decorations/eucalyptus_fence": {
    "criteria": {
      "has_the_recipe": "2024-07-29 15:56:28 +0000"
    },
    "done": true
  },
  "minecraft:recipes/building_blocks/hay_block": {
    "criteria": {
      "has_the_recipe": "2024-07-29 15:56:28 +0000"
    },
    "done": true
  },
  "minecraft:recipes/decorations/lime_bed": {
    "criteria": {
      "has_the_recipe": "2024-07-29 15:56:27 +0000"
    },
    "done": true
  },
  "minecraft:recipes/tools/golden_shovel": {
    "criteria": {
      "has_the_recipe": "2024-07-29 15:56:28 +0000"
    },
    "done": true
  },
  "minecraft:recipes/combat/iron_helmet": {
    "criteria": {
      "has_the_recipe": "2024-07-29 15:56:27 +0000"
    },
    "done": true
  },
  "minecraft:recipes/combat/bow": {
    "criteria": {
      "has_the_recipe": "2024-07-29 15:56:28 +0000"
    },
    "done": true
  },
  "biomesoplenty:recipes/redstone/jacaranda_fence_gate": {
    "criteria": {
      "has_the_recipe": "2024-07-29 15:56:28 +0000"
    },
    "done": true
  },
  "minecraft:recipes/redstone/tnt": {
    "criteria": {
      "has_the_recipe": "2024-07-29 15:56:27 +0000"
    },
    "done": true
  },
  "minecraft:recipes/decorations/black_stained_glass_pane": {
    "criteria": {
      "has_the_recipe": "2024-07-29 15:56:28 +0000"
    },
    "done": true
  },
  "minecraft:recipes/building_blocks/smooth_sandstone": {
    "criteria": {
      "has_the_recipe": "2024-07-29 15:56:27 +0000"
    },
    "done": true
  },
  "minecraft:recipes/building_blocks/granite": {
    "criteria": {
      "has_the_recipe": "2024-07-29 15:56:28 +0000"
    },
    "done": true
  },
  "biomesoplenty:recipes/buildingblocks/jacaranda_wooden_slab": {
    "criteria": {
      "has_the_recipe": "2024-07-29 15:56:28 +0000"
    },
    "done": true
  },
  "minecraft:recipes/building_blocks/purple_concrete_powder": {
    "criteria": {
      "has_the_recipe": "2024-07-29 15:56:27 +0000"
    },
    "done": true
  },
  "biomesoplenty:recipes/misc/topaz": {
    "criteria": {
      "has_the_recipe": "2024-07-29 15:56:28 +0000"
    },
    "done": true
  },
  "biomesoplenty:recipes/redstone/ebony_fence_gate": {
    "criteria": {
      "has_the_recipe": "2024-07-29 15:56:28 +0000"
    },
    "done": true
  },
  "minecraft:recipes/decorations/orange_bed_from_white_bed": {
    "criteria": {
      "has_the_recipe": "2024-07-29 15:56:27 +0000"
    },
    "done": true
  },
  "minecraft:recipes/combat/diamond_chestplate": {
    "criteria": {
      "has_the_recipe": "2024-07-29 15:56:28 +0000"
    },
    "done": true
  },
  "minecraft:recipes/decorations/orange_carpet": {
    "criteria": {
      "has_the_recipe": "2024-07-29 15:56:27 +0000"
    },
    "done": true
  },
  "biomesoplenty:recipes/misc/lime_dye_from_glowshroom": {
    "criteria": {
      "has_the_recipe": "2024-07-29 15:56:28 +0000"
    },
    "done": true
  },
  "biomesoplenty:recipes/buildingblocks/mahogany_stairs": {
    "criteria": {
      "has_the_recipe": "2024-07-29 15:56:28 +0000"
    },
    "done": true
  },
  "biomesoplenty:recipes/redstone/cherry_door": {
    "criteria": {
      "has_the_recipe": "2024-07-29 15:56:28 +0000"
    },
    "done": true
  },
  "minecraft:recipes/transportation/minecart": {
    "criteria": {
      "has_the_recipe": "2024-07-29 15:56:27 +0000"
    },
    "done": true
  },
  "minecraft:recipes/decorations/furnace": {
    "criteria": {
      "has_the_recipe": "2024-07-29 15:56:28 +0000"
    },
    "done": true
  },
  "biomesoplenty:recipes/decorations/mushroom_terrarium": {
    "criteria": {
      "has_the_recipe": "2024-07-29 15:56:28 +0000"
    },
    "done": true
  },
  "minecraft:recipes/misc/beacon": {
    "criteria": {
      "has_the_recipe": "2024-07-29 15:56:28 +0000"
    },
    "done": true
  },
  "minecraft:recipes/food/beetroot_soup": {
    "criteria": {
      "has_the_recipe": "2024-07-29 15:56:28 +0000"
    },
    "done": true
  },
  "minecraft:recipes/decorations/green_stained_glass_pane": {
    "criteria": {
      "has_the_recipe": "2024-07-29 15:56:28 +0000"
    },
    "done": true
  },
  "minecraft:recipes/building_blocks/orange_wool": {
    "criteria": {
      "has_the_recipe": "2024-07-29 15:56:27 +0000"
    },
    "done": true
  },
  "biomesoplenty:recipes/misc/black_dye_from_enderlotus": {
    "criteria": {
      "has_the_recipe": "2024-07-29 15:56:28 +0000"
    },
    "done": true
  },
  "minecraft:recipes/tools/wooden_pickaxe": {
    "criteria": {
      "has_the_recipe": "2024-07-29 15:56:27 +0000"
    },
    "done": true
  },
  "minecraft:recipes/tools/iron_hoe": {
    "criteria": {
      "has_the_recipe": "2024-07-29 15:56:27 +0000"
    },
    "done": true
  },
  "minecraft:recipes/decorations/cyan_carpet": {
    "criteria": {
      "has_the_recipe": "2024-07-29 15:56:28 +0000"
    },
    "done": true
  },
  "minecraft:recipes/redstone/redstone_torch": {
    "criteria": {
      "has_the_recipe": "2024-07-29 15:56:27 +0000"
    },
    "done": true
  },
  "minecraft:recipes/building_blocks/stone_brick_slab": {
    "criteria": {
      "has_the_recipe": "2024-07-29 15:56:27 +0000"
    },
    "done": true
  },
  "minecraft:husbandry/root": {
    "criteria": {
      "consumed_item": "2024-07-29 16:00:53 +0000"
    },
    "done": true
  },
  "minecraft:recipes/transportation/birch_boat": {
    "criteria": {
      "has_the_recipe": "2024-07-29 15:56:28 +0000"
    },
    "done": true
  },
  "minecraft:recipes/food/golden_apple": {
    "criteria": {
      "has_the_recipe": "2024-07-29 15:56:28 +0000"
    },
    "done": true
  },
  "biomesoplenty:recipes/decorations/wasteland_terrarium": {
    "criteria": {
      "has_the_recipe": "2024-07-29 15:56:28 +0000"
    },
    "done": true
  },
  "minecraft:recipes/building_blocks/green_concrete_powder": {
    "criteria": {
      "has_the_recipe": "2024-07-29 15:56:28 +0000"
    },
    "done": true
  },
  "minecraft:recipes/decorations/enchanting_table": {
    "criteria": {
      "has_the_recipe": "2024-07-29 15:56:28 +0000"
    },
    "done": true
  },
  "minecraft:recipes/misc/light_gray_dye_from_ink_bonemeal": {
    "criteria": {
      "has_the_recipe": "2024-07-29 15:56:27 +0000"
    },
    "done": true
  },
  "biomesoplenty:recipes/redstone/hellbark_door": {
    "criteria": {
      "has_the_recipe": "2024-07-29 15:56:28 +0000"
    },
    "done": true
  },
  "minecraft:recipes/tools/iron_shovel": {
    "criteria": {
      "has_the_recipe": "2024-07-29 15:56:27 +0000"
    },
    "done": true
  },
  "minecraft:recipes/redstone/acacia_door": {
    "criteria": {
      "has_the_recipe": "2024-07-29 15:56:28 +0000"
    },
    "done": true
  },
  "minecraft:recipes/building_blocks/orange_stained_glass": {
    "criteria": {
      "has_the_recipe": "2024-07-29 15:56:27 +0000"
    },
    "done": true
  },
  "minecraft:recipes/decorations/cyan_bed_from_white_bed": {
    "criteria": {
      "has_the_recipe": "2024-07-29 15:56:28 +0000"
    },
    "done": true
  },
  "biomesoplenty:recipes/decorations/flower_terrarium": {
    "criteria": {
      "has_the_recipe": "2024-07-29 15:56:28 +0000"
    },
    "done": true
  },
  "minecraft:recipes/misc/bowl": {
    "criteria": {
      "has_the_recipe": "2024-07-29 15:56:28 +0000"
    },
    "done": true
  },
  "biomesoplenty:recipes/decorations/mystic_terrarium": {
    "criteria": {
      "has_the_recipe": "2024-07-29 15:56:28 +0000"
    },
    "done": true
  },
  "biomesoplenty:recipes/decorations/redwood_fence": {
    "criteria": {
      "has_the_recipe": "2024-07-29 15:56:28 +0000"
    },
    "done": true
  },
  "minecraft:recipes/decorations/item_frame": {
    "criteria": {
      "has_the_recipe": "2024-07-29 15:56:27 +0000"
    },
    "done": true
  },
  "minecraft:recipes/decorations/lime_bed_from_white_bed": {
    "criteria": {
      "has_the_recipe": "2024-07-29 15:56:27 +0000"
    },
    "done": true
  },
  "minecraft:recipes/tools/clock": {
    "criteria": {
      "has_the_recipe": "2024-07-29 15:56:28 +0000"
    },
    "done": true
  },
  "minecraft:recipes/tools/stone_hoe": {
    "criteria": {
      "has_the_recipe": "2024-07-29 15:56:27 +0000"
    },
    "done": true
  },
  "minecraft:recipes/decorations/spruce_fence": {
    "criteria": {
      "has_the_recipe": "2024-07-29 15:56:27 +0000"
    },
    "done": true
  },
  "biomesoplenty:recipes/buildingblocks/filled_honeycomb_block": {
    "criteria": {
      "has_the_recipe": "2024-07-29 15:56:28 +0000"
    },
    "done": true
  },
  "minecraft:recipes/tools/diamond_hoe": {
    "criteria": {
      "has_the_recipe": "2024-07-29 15:56:28 +0000"
    },
    "done": true
  },
  "biomesoplenty:recipes/transportation/boat_umbran": {
    "criteria": {
      "has_the_recipe": "2024-07-29 15:56:28 +0000"
    },
    "done": true
  },
  "minecraft:recipes/transportation/activator_rail": {
    "criteria": {
      "has_the_recipe": "2024-07-29 15:56:28 +0000"
    },
    "done": true
  },
  "minecraft:recipes/combat/spectral_arrow": {
    "criteria": {
      "has_the_recipe": "2024-07-29 15:56:27 +0000"
    },
    "done": true
  },
  "minecraft:recipes/decorations/white_stained_glass_pane": {
    "criteria": {
      "has_the_recipe": "2024-07-29 15:56:27 +0000"
    },
    "done": true
  },
  "minecraft:recipes/tools/diamond_shovel": {
    "criteria": {
      "has_the_recipe": "2024-07-29 15:56:28 +0000"
    },
    "done": true
  },
  "minecraft:recipes/building_blocks/dark_oak_stairs": {
    "criteria": {
      "has_the_recipe": "2024-07-29 15:56:28 +0000"
    },
    "done": true
  },
  "biomesoplenty:recipes/decorations/koru_terrarium": {
    "criteria": {
      "has_the_recipe": "2024-07-29 15:56:28 +0000"
    },
    "done": true
  },
  "minecraft:recipes/decorations/end_crystal": {
    "criteria": {
      "has_the_recipe": "2024-07-29 15:56:28 +0000"
    },
    "done": true
  },
  "minecraft:recipes/decorations/green_bed_from_white_bed": {
    "criteria": {
      "has_the_recipe": "2024-07-29 15:56:28 +0000"
    },
    "done": true
  },
  "biomesoplenty:recipes/misc/peridot": {
    "criteria": {
      "has_the_recipe": "2024-07-29 15:56:28 +0000"
    },
    "done": true
  },
  "biomesoplenty:recipes/decorations/sacred_oak_fence": {
    "criteria": {
      "has_the_recipe": "2024-07-29 15:56:28 +0000"
    },
    "done": true
  },
  "biomesoplenty:recipes/buildingblocks/cherry_stairs": {
    "criteria": {
      "has_the_recipe": "2024-07-29 15:56:28 +0000"
    },
    "done": true
  },
  "biomesoplenty:recipes/decorations/hellbark_fence": {
    "criteria": {
      "has_the_recipe": "2024-07-29 15:56:28 +0000"
    },
    "done": true
  },
  "minecraft:recipes/decorations/white_carpet": {
    "criteria": {
      "has_the_recipe": "2024-07-29 15:56:27 +0000"
    },
    "done": true
  },
  "minecraft:recipes/decorations/ender_chest": {
    "criteria": {
      "has_the_recipe": "2024-07-29 15:56:28 +0000"
    },
    "done": true
  },
  "minecraft:recipes/building_blocks/spruce_stairs": {
    "criteria": {
      "has_the_recipe": "2024-07-29 15:56:27 +0000"
    },
    "done": true
  },
  "minecraft:recipes/building_blocks/red_sandstone_slab": {
    "criteria": {
      "has_the_recipe": "2024-07-29 15:56:27 +0000"
    },
    "done": true
  },
  "minecraft:recipes/redstone/birch_door": {
    "criteria": {
      "has_the_recipe": "2024-07-29 15:56:28 +0000"
    },
    "done": true
  },
  "minecraft:recipes/decorations/green_banner": {
    "criteria": {
      "has_the_recipe": "2024-07-29 15:56:28 +0000"
    },
    "done": true
  },
  "minecraft:recipes/decorations/glass_pane": {
    "criteria": {
      "has_the_recipe": "2024-07-29 15:56:28 +0000"
    },
    "done": true
  },
  "biomesoplenty:recipes/transportation/boat_magic": {
    "criteria": {
      "has_the_recipe": "2024-07-29 15:56:28 +0000"
    },
    "done": true
  },
  "minecraft:recipes/misc/gold_ingot_from_nuggets": {
    "criteria": {
      "has_the_recipe": "2024-07-29 15:56:28 +0000"
    },
    "done": true
  },
  "minecraft:recipes/decorations/purple_banner": {
    "criteria": {
      "has_the_recipe": "2024-07-29 15:56:27 +0000"
    },
    "done": true
  },
  "minecraft:recipes/misc/lapis_lazuli": {
    "criteria": {
      "has_the_recipe": "2024-07-29 15:56:27 +0000"
    },
    "done": true
  },
  "minecraft:recipes/building_blocks/magenta_stained_glass": {
    "criteria": {
      "has_the_recipe": "2024-07-29 15:56:27 +0000"
    },
    "done": true
  },
  "biomesoplenty:recipes/buildingblocks/ebony_wooden_slab": {
    "criteria": {
      "has_the_recipe": "2024-07-29 15:56:28 +0000"
    },
    "done": true
  },
  "minecraft:recipes/combat/diamond_helmet": {
    "criteria": {
      "has_the_recipe": "2024-07-29 15:56:28 +0000"
    },
    "done": true
  },
  "biomesoplenty:recipes/transportation/boat_palm": {
    "criteria": {
      "has_the_recipe": "2024-07-29 15:56:28 +0000"
    },
    "done": true
  },
  "minecraft:recipes/decorations/anvil": {
    "criteria": {
      "has_the_recipe": "2024-07-29 15:56:28 +0000"
    },
    "done": true
  },
  "minecraft:recipes/misc/pink_dye_from_pink_tulip": {
    "criteria": {
      "has_the_recipe": "2024-07-29 15:56:27 +0000"
    },
    "done": true
  },
  "minecraft:recipes/decorations/blue_bed_from_white_bed": {
    "criteria": {
      "has_the_recipe": "2024-07-29 15:56:28 +0000"
    },
    "done": true
  },
  "minecraft:recipes/decorations/birch_fence": {
    "criteria": {
      "has_the_recipe": "2024-07-29 15:56:28 +0000"
    },
    "done": true
  },
  "minecraft:recipes/misc/gold_ingot_from_block": {
    "criteria": {
      "has_the_recipe": "2024-07-29 15:56:28 +0000"
    },
    "done": true
  },
  "minecraft:recipes/building_blocks/cyan_concrete_powder": {
    "criteria": {
      "has_the_recipe": "2024-07-29 15:56:28 +0000"
    },
    "done": true
  },
  "minecraft:recipes/building_blocks/stone_brick_stairs": {
    "criteria": {
      "has_the_recipe": "2024-07-29 15:56:27 +0000"
    },
    "done": true
  },
  "minecraft:recipes/combat/golden_boots": {
    "criteria": {
      "has_the_recipe": "2024-07-29 15:56:28 +0000"
    },
    "done": true
  },
  "minecraft:recipes/tools/wooden_axe": {
    "criteria": {
      "has_the_recipe": "2024-07-29 15:56:27 +0000"
    },
    "done": true
  },
  "minecraft:recipes/building_blocks/lime_wool": {
    "criteria": {
      "has_the_recipe": "2024-07-29 15:56:27 +0000"
    },
    "done": true
  },
  "biomesoplenty:recipes/buildingblocks/magic_wooden_slab": {
    "criteria": {
      "has_the_recipe": "2024-07-29 15:56:28 +0000"
    },
    "done": true
  },
  "minecraft:recipes/misc/paper": {
    "criteria": {
      "has_the_recipe": "2024-07-29 15:56:27 +0000"
    },
    "done": true
  },
  "minecraft:recipes/misc/magenta_dye_from_lapis_ink_bonemeal": {
    "criteria": {
      "has_the_recipe": "2024-07-29 15:56:27 +0000"
    },
    "done": true
  },
  "biomesoplenty:recipes/buildingblocks/white_sandstone_stairs": {
    "criteria": {
      "has_the_recipe": "2024-07-29 15:56:28 +0000"
    },
    "done": true
  },
  "minecraft:recipes/misc/pink_dye_from_peony": {
    "criteria": {
      "has_the_recipe": "2024-07-29 15:56:27 +0000"
    },
    "done": true
  },
  "minecraft:recipes/building_blocks/chiseled_sandstone": {
    "criteria": {
      "has_the_recipe": "2024-07-29 15:56:28 +0000"
    },
    "done": true
  },
  "biomesoplenty:recipes/misc/malachite": {
    "criteria": {
      "has_the_recipe": "2024-07-29 15:56:28 +0000"
    },
    "done": true
  },
  "minecraft:recipes/misc/light_blue_dye_from_lapis_bonemeal": {
    "criteria": {
      "has_the_recipe": "2024-07-29 15:56:27 +0000"
    },
    "done": true
  },
  "minecraft:recipes/building_blocks/green_wool": {
    "criteria": {
      "has_the_recipe": "2024-07-29 15:56:28 +0000"
    },
    "done": true
  },
  "minecraft:recipes/tools/diamond_axe": {
    "criteria": {
      "has_the_recipe": "2024-07-29 15:56:28 +0000"
    },
    "done": true
  },
  "minecraft:recipes/building_blocks/brown_wool": {
    "criteria": {
      "has_the_recipe": "2024-07-29 15:56:28 +0000"
    },
    "done": true
  },
  "biomesoplenty:recipes/buildingblocks/jacaranda_stairs": {
    "criteria": {
      "has_the_recipe": "2024-07-29 15:56:28 +0000"
    },
    "done": true
  },
  "biomesoplenty:recipes/buildingblocks/amethyst_block": {
    "criteria": {
      "has_the_recipe": "2024-07-29 15:56:28 +0000"
    },
    "done": true
  },
  "biomesoplenty:recipes/decorations/willow_fence": {
    "criteria": {
      "has_the_recipe": "2024-07-29 15:56:28 +0000"
    },
    "done": true
  },
  "minecraft:recipes/building_blocks/end_bricks": {
    "criteria": {
      "has_the_recipe": "2024-07-29 15:56:28 +0000"
    },
    "done": true
  },
  "minecraft:recipes/decorations/painting": {
    "criteria": {
      "has_the_recipe": "2024-07-29 15:56:27 +0000"
    },
    "done": true
  },
  "minecraft:recipes/decorations/pink_bed": {
    "criteria": {
      "has_the_recipe": "2024-07-29 15:56:27 +0000"
    },
    "done": true
  },
  "minecraft:recipes/building_blocks/white_stained_glass": {
    "criteria": {
      "has_the_recipe": "2024-07-29 15:56:27 +0000"
    },
    "done": true
  },
  "biomesoplenty:recipes/transportation/boat_pine": {
    "criteria": {
      "has_the_recipe": "2024-07-29 15:56:28 +0000"
    },
    "done": true
  },
  "biomesoplenty:recipes/decorations/glowshroom_terrarium": {
    "criteria": {
      "has_the_recipe": "2024-07-29 15:56:28 +0000"
    },
    "done": true
  },
  "biomesoplenty:recipes/buildingblocks/ash_block": {
    "criteria": {
      "has_the_recipe": "2024-07-29 15:56:28 +0000"
    },
    "done": true
  },
  "minecraft:recipes/decorations/black_carpet": {
    "criteria": {
      "has_the_recipe": "2024-07-29 15:56:28 +0000"
    },
    "done": true
  },
  "minecraft:recipes/combat/arrow": {
    "criteria": {
      "has_the_recipe": "2024-07-29 15:56:28 +0000"
    },
    "done": true
  },
  "minecraft:recipes/building_blocks/stone_slab": {
    "criteria": {
      "has_the_recipe": "2024-07-29 15:56:27 +0000"
    },
    "done": true
  },
  "biomesoplenty:recipes/misc/gray_dye_from_wilted_lily": {
    "criteria": {
      "has_the_recipe": "2024-07-29 15:56:28 +0000"
    },
    "done": true
  },
  "minecraft:recipes/redstone/acacia_fence_gate": {
    "criteria": {
      "has_the_recipe": "2024-07-29 15:56:28 +0000"
    },
    "done": true
  },
  "minecraft:recipes/building_blocks/coal_block": {
    "criteria": {
      "has_the_recipe": "2024-07-29 15:56:28 +0000"
    },
    "done": true
  },
  "minecraft:recipes/redstone/light_weighted_pressure_plate": {
    "criteria": {
      "has_the_recipe": "2024-07-29 15:56:27 +0000"
    },
    "done": true
  },
  "minecraft:recipes/decorations/snow_layer": {
    "criteria": {
      "has_the_recipe": "2024-07-29 15:56:27 +0000"
    },
    "done": true
  },
  "biomesoplenty:recipes/redstone/palm_door": {
    "criteria": {
      "has_the_recipe": "2024-07-29 15:56:28 +0000"
    },
    "done": true
  },
  "biomesoplenty:recipes/misc/black_dye_from_deathbloom": {
    "criteria": {
      "has_the_recipe": "2024-07-29 15:56:28 +0000"
    },
    "done": true
  },
  "minecraft:recipes/tools/stone_shovel": {
    "criteria": {
      "has_the_recipe": "2024-07-29 15:56:27 +0000"
    },
    "done": true
  },
  "minecraft:recipes/decorations/yellow_stained_glass_pane": {
    "criteria": {
      "has_the_recipe": "2024-07-29 15:56:27 +0000"
    },
    "done": true
  },
  "biomesoplenty:recipes/misc/brown_dye_from_double_cattail": {
    "criteria": {
      "has_the_recipe": "2024-07-29 15:56:28 +0000"
    },
    "done": true
  },
  "biomesoplenty:recipes/buildingblocks/ethereal_stairs": {
    "criteria": {
      "has_the_recipe": "2024-07-29 15:56:28 +0000"
    },
    "done": true
  },
  "minecraft:recipes/building_blocks/blue_concrete_powder": {
    "criteria": {
      "has_the_recipe": "2024-07-29 15:56:28 +0000"
    },
    "done": true
  },
  "biomesoplenty:recipes/buildingblocks/willow_planks": {
    "criteria": {
      "has_the_recipe": "2024-07-29 15:56:28 +0000"
    },
    "done": true
  },
  "biomesoplenty:recipes/buildingblocks/mangrove_stairs": {
    "criteria": {
      "has_the_recipe": "2024-07-29 15:56:28 +0000"
    },
    "done": true
  },
  "minecraft:recipes/building_blocks/cyan_stained_glass": {
    "criteria": {
      "has_the_recipe": "2024-07-29 15:56:28 +0000"
    },
    "done": true
  },
  "biomesoplenty:recipes/misc/light_blue_dye_from_flax": {
    "criteria": {
      "has_the_recipe": "2024-07-29 15:56:28 +0000"
    },
    "done": true
  },
  "biomesoplenty:recipes/redstone/fir_door": {
    "criteria": {
      "has_the_recipe": "2024-07-29 15:56:28 +0000"
    },
    "done": true
  },
  "minecraft:recipes/building_blocks/light_blue_stained_hardened_clay": {
    "criteria": {
      "has_the_recipe": "2024-07-29 15:56:27 +0000"
    },
    "done": true
  },
  "biomesoplenty:recipes/redstone/redwood_fence_gate": {
    "criteria": {
      "has_the_recipe": "2024-07-29 15:56:28 +0000"
    },
    "done": true
  },
  "minecraft:recipes/building_blocks/cyan_stained_hardened_clay": {
    "criteria": {
      "has_the_recipe": "2024-07-29 15:56:28 +0000"
    },
    "done": true
  },
  "minecraft:recipes/building_blocks/andesite": {
    "criteria": {
      "has_the_recipe": "2024-07-29 15:56:28 +0000"
    },
    "done": true
  },
  "minecraft:recipes/combat/golden_helmet": {
    "criteria": {
      "has_the_recipe": "2024-07-29 15:56:28 +0000"
    },
    "done": true
  },
  "biomesoplenty:recipes/buildingblocks/fir_wooden_slab": {
    "criteria": {
      "has_the_recipe": "2024-07-29 15:56:28 +0000"
    },
    "done": true
  },
  "biomesoplenty:recipes/misc/blue_dye_from_blue_milk_cap": {
    "criteria": {
      "has_the_recipe": "2024-07-29 15:56:28 +0000"
    },
    "done": true
  },
  "minecraft:recipes/tools/lead": {
    "criteria": {
      "has_the_recipe": "2024-07-29 15:56:27 +0000"
    },
    "done": true
  },
  "biomesoplenty:recipes/redstone/pine_fence_gate": {
    "criteria": {
      "has_the_recipe": "2024-07-29 15:56:28 +0000"
    },
    "done": true
  },
  "minecraft:recipes/building_blocks/jungle_wooden_slab": {
    "criteria": {
      "has_the_recipe": "2024-07-29 15:56:27 +0000"
    },
    "done": true
  },
  "minecraft:recipes/building_blocks/smooth_red_sandstone": {
    "criteria": {
      "has_the_recipe": "2024-07-29 15:56:27 +0000"
    },
    "done": true
  },
  "biomesoplenty:recipes/transportation/boat_ebony": {
    "criteria": {
      "has_the_recipe": "2024-07-29 15:56:28 +0000"
    },
    "done": true
  },
  "biomesoplenty:recipes/buildingblocks/ebony_stairs": {
    "criteria": {
      "has_the_recipe": "2024-07-29 15:56:28 +0000"
    },
    "done": true
  },
  "minecraft:recipes/misc/slime_ball": {
    "criteria": {
      "has_the_recipe": "2024-07-29 15:56:27 +0000"
    },
    "done": true
  },
  "minecraft:recipes/redstone/dropper": {
    "criteria": {
      "has_the_recipe": "2024-07-29 15:56:28 +0000"
    },
    "done": true
  },
  "minecraft:recipes/misc/coal": {
    "criteria": {
      "has_the_recipe": "2024-07-29 15:56:28 +0000"
    },
    "done": true
  },
  "minecraft:recipes/building_blocks/magma": {
    "criteria": {
      "has_the_recipe": "2024-07-29 15:56:27 +0000"
    },
    "done": true
  },
  "minecraft:recipes/brewing/brewing_stand": {
    "criteria": {
      "has_the_recipe": "2024-07-29 15:56:28 +0000"
    },
    "done": true
  },
  "minecraft:recipes/building_blocks/string_to_wool": {
    "criteria": {
      "has_the_recipe": "2024-07-29 15:56:27 +0000"
    },
    "done": true
  },
  "biomesoplenty:recipes/transportation/boat_mahogany": {
    "criteria": {
      "has_the_recipe": "2024-07-29 15:56:28 +0000"
    },
    "done": true
  },
  "minecraft:recipes/combat/leather_chestplate": {
    "criteria": {
      "has_the_recipe": "2024-07-29 15:56:27 +0000"
    },
    "done": true
  },
  "minecraft:recipes/building_blocks/acacia_planks": {
    "criteria": {
      "has_the_recipe": "2024-07-29 15:56:28 +0000"
    },
    "done": true
  },
  "minecraft:recipes/tools/compass": {
    "criteria": {
      "has_the_recipe": "2024-07-29 15:56:28 +0000"
    },
    "done": true
  },
  "minecraft:recipes/redstone/repeater": {
    "criteria": {
      "has_the_recipe": "2024-07-29 15:56:27 +0000"
    },
    "done": true
  },
  "biomesoplenty:recipes/misc/purple_dye_from_lavender": {
    "criteria": {
      "has_the_recipe": "2024-07-29 15:56:28 +0000"
    },
    "done": true
  },
  "biomesoplenty:recipes/misc/light_blue_dye_from_blue_hydrangea": {
    "criteria": {
      "has_the_recipe": "2024-07-29 15:56:28 +0000"
    },
    "done": true
  },
  "minecraft:recipes/building_blocks/polished_andesite": {
    "criteria": {
      "has_the_recipe": "2024-07-29 15:56:27 +0000"
    },
    "done": true
  },
  "minecraft:recipes/building_blocks/quartz_block": {
    "criteria": {
      "has_the_recipe": "2024-07-29 15:56:27 +0000"
    },
    "done": true
  },
  "biomesoplenty:recipes/misc/coal_from_ash": {
    "criteria": {
      "has_the_recipe": "2024-07-29 15:56:28 +0000"
    },
    "done": true
  },
  "biomesoplenty:recipes/buildingblocks/mud_bricks": {
    "criteria": {
      "has_the_recipe": "2024-07-29 15:56:28 +0000"
    },
    "done": true
  },
  "biomesoplenty:recipes/buildingblocks/hellbark_wooden_slab": {
    "criteria": {
      "has_the_recipe": "2024-07-29 15:56:28 +0000"
    },
    "done": true
  },
  "minecraft:recipes/redstone/iron_door": {
    "criteria": {
      "has_the_recipe": "2024-07-29 15:56:27 +0000"
    },
    "done": true
  },
  "minecraft:recipes/building_blocks/purpur_block": {
    "criteria": {
      "has_the_recipe": "2024-07-29 15:56:27 +0000"
    },
    "done": true
  },
  "minecraft:recipes/building_blocks/pink_stained_hardened_clay": {
    "criteria": {
      "has_the_recipe": "2024-07-29 15:56:27 +0000"
    },
    "done": true
  },
  "biomesoplenty:recipes/buildingblocks/celestial_crystal": {
    "criteria": {
      "has_the_recipe": "2024-07-29 15:56:28 +0000"
    },
    "done": true
  },
  "biomesoplenty:recipes/decorations/dead_terrarium": {
    "criteria": {
      "has_the_recipe": "2024-07-29 15:56:28 +0000"
    },
    "done": true
  },
  "biomesoplenty:recipes/misc/cyan_dye_from_swampflower": {
    "criteria": {
      "has_the_recipe": "2024-07-29 15:56:28 +0000"
    },
    "done": true
  },
  "minecraft:recipes/decorations/nether_brick_fence": {
    "criteria": {
      "has_the_recipe": "2024-07-29 15:56:27 +0000"
    },
    "done": true
  },
  "biomesoplenty:recipes/buildingblocks/cherry_wooden_slab": {
    "criteria": {
      "has_the_recipe": "2024-07-29 15:56:28 +0000"
    },
    "done": true
  },
  "biomesoplenty:recipes/transportation/boat_willow": {
    "criteria": {
      "has_the_recipe": "2024-07-29 15:56:28 +0000"
    },
    "done": true
  },
  "minecraft:recipes/misc/magenta_dye_from_allium": {
    "criteria": {
      "has_the_recipe": "2024-07-29 15:56:27 +0000"
    },
    "done": true
  },
  "minecraft:recipes/decorations/red_bed": {
    "criteria": {
      "has_the_recipe": "2024-07-29 15:56:27 +0000"
    },
    "done": true
  },
  "biomesoplenty:recipes/buildingblocks/umbran_stairs": {
    "criteria": {
      "has_the_recipe": "2024-07-29 15:56:28 +0000"
    },
    "done": true
  },
  "minecraft:recipes/misc/iron_ingot_from_nuggets": {
    "criteria": {
      "has_the_recipe": "2024-07-29 15:56:27 +0000"
    },
    "done": true
  },
  "minecraft:recipes/decorations/cyan_bed": {
    "criteria": {
      "has_the_recipe": "2024-07-29 15:56:28 +0000"
    },
    "done": true
  },
  "biomesoplenty:recipes/misc/orange_dye_from_burning_blossom": {
    "criteria": {
      "has_the_recipe": "2024-07-29 15:56:28 +0000"
    },
    "done": true
  },
  "biomesoplenty:recipes/buildingblocks/peridot_block": {
    "criteria": {
      "has_the_recipe": "2024-07-29 15:56:28 +0000"
    },
    "done": true
  },
  "biomesoplenty:recipes/buildingblocks/honeycomb_block": {
    "criteria": {
      "has_the_recipe": "2024-07-29 15:56:28 +0000"
    },
    "done": true
  },
  "biomesoplenty:recipes/misc/magenta_dye_from_wildflower": {
    "criteria": {
      "has_the_recipe": "2024-07-29 15:56:28 +0000"
    },
    "done": true
  },
  "minecraft:recipes/transportation/jungle_boat": {
    "criteria": {
      "has_the_recipe": "2024-07-29 15:56:27 +0000"
    },
    "done": true
  },
  "minecraft:recipes/building_blocks/magenta_stained_hardened_clay": {
    "criteria": {
      "has_the_recipe": "2024-07-29 15:56:27 +0000"
    },
    "done": true
  },
  "minecraft:recipes/building_blocks/birch_stairs": {
    "criteria": {
      "has_the_recipe": "2024-07-29 15:56:28 +0000"
    },
    "done": true
  },
  "minecraft:recipes/building_blocks/jungle_stairs": {
    "criteria": {
      "has_the_recipe": "2024-07-29 15:56:27 +0000"
    },
    "done": true
  },
  "minecraft:recipes/redstone/heavy_weighted_pressure_plate": {
    "criteria": {
      "has_the_recipe": "2024-07-29 15:56:27 +0000"
    },
    "done": true
  },
  "minecraft:recipes/transportation/carrot_on_a_stick": {
    "criteria": {
      "has_the_recipe": "2024-07-29 15:56:28 +0000"
    },
    "done": true
  },
  "minecraft:recipes/transportation/dark_oak_boat": {
    "criteria": {
      "has_the_recipe": "2024-07-29 15:56:28 +0000"
    },
    "done": true
  },
  "minecraft:recipes/redstone/daylight_detector": {
    "criteria": {
      "has_the_recipe": "2024-07-29 15:56:28 +0000"
    },
    "done": true
  },
  "minecraft:recipes/food/pumpkin_pie": {
    "criteria": {
      "has_the_recipe": "2024-07-29 15:56:27 +0000"
    },
    "done": true
  },
  "minecraft:recipes/building_blocks/purpur_pillar": {
    "criteria": {
      "has_the_recipe": "2024-07-29 15:56:27 +0000"
    },
    "done": true
  },
  "biomesoplenty:recipes/transportation/boat_jacaranda": {
    "criteria": {
      "has_the_recipe": "2024-07-29 15:56:28 +0000"
    },
    "done": true
  },
  "minecraft:recipes/building_blocks/pink_wool": {
    "criteria": {
      "has_the_recipe": "2024-07-29 15:56:27 +0000"
    },
    "done": true
  },
  "minecraft:recipes/decorations/end_rod": {
    "criteria": {
      "has_the_recipe": "2024-07-29 15:56:28 +0000"
    },
    "done": true
  },
  "minecraft:recipes/redstone/jungle_door": {
    "criteria": {
      "has_the_recipe": "2024-07-29 15:56:27 +0000"
    },
    "done": true
  },
  "biomesoplenty:recipes/misc/pink_dye_from_miners_delight": {
    "criteria": {
      "has_the_recipe": "2024-07-29 15:56:28 +0000"
    },
    "done": true
  },
  "minecraft:recipes/building_blocks/nether_brick_stairs": {
    "criteria": {
      "has_the_recipe": "2024-07-29 15:56:27 +0000"
    },
    "done": true
  },
  "minecraft:recipes/decorations/brown_bed_from_white_bed": {
    "criteria": {
      "has_the_recipe": "2024-07-29 15:56:28 +0000"
    },
    "done": true
  },
  "biomesoplenty:recipes/buildingblocks/white_sandstone": {
    "criteria": {
      "has_the_recipe": "2024-07-29 15:56:28 +0000"
    },
    "done": true
  },
  "biomesoplenty:recipes/misc/light_gray_dye_from_clover": {
    "criteria": {
      "has_the_recipe": "2024-07-29 15:56:28 +0000"
    },
    "done": true
  },
  "minecraft:recipes/building_blocks/lit_pumpkin": {
    "criteria": {
      "has_the_recipe": "2024-07-29 15:56:27 +0000"
    },
    "done": true
  },
  "minecraft:recipes/building_blocks/polished_granite": {
    "criteria": {
      "has_the_recipe": "2024-07-29 15:56:27 +0000"
    },
    "done": true
  },
  "minecraft:recipes/redstone/jungle_fence_gate": {
    "criteria": {
      "has_the_recipe": "2024-07-29 15:56:27 +0000"
    },
    "done": true
  },
  "biomesoplenty:recipes/buildingblocks/bamboo_thatching": {
    "criteria": {
      "has_the_recipe": "2024-07-29 15:56:28 +0000"
    },
    "done": true
  },
  "minecraft:recipes/building_blocks/stonebrick": {
    "criteria": {
      "has_the_recipe": "2024-07-29 15:56:27 +0000"
    },
    "done": true
  },
  "biomesoplenty:recipes/tools/empty_jar": {
    "criteria": {
      "has_the_recipe": "2024-07-29 15:56:28 +0000"
    },
    "done": true
  },
  "minecraft:recipes/redstone/piston": {
    "criteria": {
      "has_the_recipe": "2024-07-29 15:56:27 +0000"
    },
    "done": true
  },
  "minecraft:recipes/combat/golden_leggings": {
    "criteria": {
      "has_the_recipe": "2024-07-29 15:56:28 +0000"
    },
    "done": true
  },
  "biomesoplenty:recipes/food/bowl_of_rice": {
    "criteria": {
      "has_the_recipe": "2024-07-29 15:56:28 +0000"
    },
    "done": true
  },
  "biomesoplenty:recipes/buildingblocks/sacred_oak_stairs": {
    "criteria": {
      "has_the_recipe": "2024-07-29 15:56:28 +0000"
    },
    "done": true
  },
  "minecraft:recipes/building_blocks/stone_stairs": {
    "criteria": {
      "has_the_recipe": "2024-07-29 15:56:27 +0000"
    },
    "done": true
  },
  "minecraft:recipes/building_blocks/chiseled_red_sandstone": {
    "criteria": {
      "has_the_recipe": "2024-07-29 15:56:28 +0000"
    },
    "done": true
  },
  "minecraft:recipes/transportation/rail": {
    "criteria": {
      "has_the_recipe": "2024-07-29 15:56:27 +0000"
    },
    "done": true
  },
  "minecraft:recipes/decorations/brown_stained_glass_pane": {
    "criteria": {
      "has_the_recipe": "2024-07-29 15:56:28 +0000"
    },
    "done": true
  },
  "minecraft:recipes/building_blocks/light_gray_stained_hardened_clay": {
    "criteria": {
      "has_the_recipe": "2024-07-29 15:56:27 +0000"
    },
    "done": true
  },
  "biomesoplenty:recipes/buildingblocks/fir_stairs": {
    "criteria": {
      "has_the_recipe": "2024-07-29 15:56:28 +0000"
    },
    "done": true
  },
  "biomesoplenty:recipes/redstone/mahogany_fence_gate": {
    "criteria": {
      "has_the_recipe": "2024-07-29 15:56:28 +0000"
    },
    "done": true
  },
  "minecraft:recipes/decorations/dark_oak_fence": {
    "criteria": {
      "has_the_recipe": "2024-07-29 15:56:28 +0000"
    },
    "done": true
  },
  "minecraft:recipes/combat/diamond_boots": {
    "criteria": {
      "has_the_recipe": "2024-07-29 15:56:28 +0000"
    },
    "done": true
  },
  "minecraft:recipes/building_blocks/nether_brick": {
    "criteria": {
      "has_the_recipe": "2024-07-29 15:56:27 +0000"
    },
    "done": true
  },
  "biomesoplenty:recipes/redstone/fir_fence_gate": {
    "criteria": {
      "has_the_recipe": "2024-07-29 15:56:28 +0000"
    },
    "done": true
  },
  "biomesoplenty:recipes/misc/gray_dye_from_ash": {
    "criteria": {
      "has_the_recipe": "2024-07-29 15:56:28 +0000"
    },
    "done": true
  },
  "minecraft:recipes/decorations/light_blue_bed": {
    "criteria": {
      "has_the_recipe": "2024-07-29 15:56:27 +0000"
    },
    "done": true
  },
  "minecraft:recipes/redstone/wooden_door": {
    "criteria": {
      "has_the_recipe": "2024-07-29 15:56:27 +0000"
    },
    "done": true
  },
  "biomesoplenty:recipes/redstone/magic_door": {
    "criteria": {
      "has_the_recipe": "2024-07-29 15:56:28 +0000"
    },
    "done": true
  },
  "minecraft:recipes/building_blocks/chiseled_stonebrick": {
    "criteria": {
      "has_the_recipe": "2024-07-29 15:56:28 +0000"
    },
    "done": true
  },
  "biomesoplenty:recipes/redstone/redwood_door": {
    "criteria": {
      "has_the_recipe": "2024-07-29 15:56:28 +0000"
    },
    "done": true
  },
  "biomesoplenty:recipes/decorations/pine_fence": {
    "criteria": {
      "has_the_recipe": "2024-07-29 15:56:28 +0000"
    },
    "done": true
  },
  "minecraft:recipes/building_blocks/pink_stained_glass": {
    "criteria": {
      "has_the_recipe": "2024-07-29 15:56:27 +0000"
    },
    "done": true
  },
  "biomesoplenty:recipes/tools/biome_finder": {
    "criteria": {
      "has_the_recipe": "2024-07-29 15:56:28 +0000"
    },
    "done": true
  },
  "minecraft:recipes/decorations/light_gray_stained_glass_pane": {
    "criteria": {
      "has_the_recipe": "2024-07-29 15:56:27 +0000"
    },
    "done": true
  },
  "minecraft:recipes/decorations/light_gray_bed_from_white_bed": {
    "criteria": {
      "has_the_recipe": "2024-07-29 15:56:27 +0000"
    },
    "done": true
  },
  "biomesoplenty:recipes/misc/light_blue_dye_from_icy_iris": {
    "criteria": {
      "has_the_recipe": "2024-07-29 15:56:28 +0000"
    },
    "done": true
  },
  "minecraft:recipes/building_blocks/bone_block": {
    "criteria": {
      "has_the_recipe": "2024-07-29 15:56:28 +0000"
    },
    "done": true
  }
}